대상물 구분명(참고),대상물명,주소(지번),주소(도로명),주용도명,아파트여부,연면적(㎡),세대수,스프링클러,제연설비,물분무등,관할서,사용승인일,터널여부,등급대상,지상층수,지하층수,자체점검여부
[개황] 개포디지털혁신파크(서울디지털재단),개포디지털혁신파크(서울디지털재단),서울특별시 강남구 개포동 153,서울특별시 강남구 개포로 416,교육연구시설,N,12604.35,0.0,N,N,N,강남소방서,19800411.0,N,2급대상,5,1,Y
[동별] 개포디지털혁신파크(서울디지털재단),1,서울특별시 강남구 개포동 153,서울특별시 강남구 개포로 416,교육연구시설,N,6078.17,0.0,N,N,N,강남소방서,,N,2급대상,5,1,Y
[동별] 개포디지털혁신파크(서울디지털재단),본관동,서울특별시 강남구 개포동 153,서울특별시 강남구 개포로 416,교육연구시설,N,3329.59,0.0,N,N,N,강남소방서,20160923.0,N,2급대상,5,1,Y
[동별] 개포디지털혁신파크(서울디지털재단),신관동,서울특별시 강남구 개포동 153,서울특별시 강남구 개포로 416,교육연구시설,N,1571.29,0.0,N,N,N,강남소방서,,N,2급대상,5,1,Y
[동별] 개포디지털혁신파크(서울디지털재단),다목적강당,서울특별시 강남구 개포동 153,서울특별시 강남구 개포로 416,교육연구시설,N,1125.62,0.0,N,N,N,강남소방서,,N,2급대상,2,0,Y
[동별] 개포디지털혁신파크(서울디지털재단),디지털시민랩,서울특별시 강남구 개포동 153,서울특별시 강남구 개포로 416,근린생활시설,N,499.68,0.0,N,N,N,강남소방서,,N,2급대상,3,0,Y
[개황] 수도전기공업고등학교,수도전기공업고등학교,서울특별시 강남구 개포동 155,서울특별시 강남구 개포로 410,교육연구시설,N,49387.13,0.0,N,N,N,강남소방서,19811214.0,N,1급대상,5,1,Y
[동별] 수도전기공업고등학교,수도전기공업고등학교(본관),서울특별시 강남구 개포동 155,서울특별시 강남구 개포로 410,교육연구시설,N,17699.04,0.0,N,N,N,강남소방서,19811214.0,N,1급대상,5,1,Y
[동별] 수도전기공업고등학교,수도전기공업고등학교(기계실습동),서울특별시 강남구 개포동 155,서울특별시 강남구 개포로 410,교육연구시설,N,2790.0,0.0,N,N,N,강남소방서,,N,1급대상,1,0,Y
[동별] 수도전기공업고등학교,체육관,서울특별시 강남구 개포동 155,서울특별시 강남구 개포로 410,교육연구시설,N,2364.74,0.0,N,N,N,강남소방서,20100720.0,N,1급대상,2,0,Y
[동별] 수도전기공업고등학교,한국외국인학교,서울특별시 강남구 개포동 155,서울특별시 강남구 개포로 410,교육연구시설,N,9658.47,0.0,N,N,N,강남소방서,19811214.0,N,1급대상,5,1,Y
[동별] 수도전기공업고등학교,기숙사-수재학사,서울특별시 강남구 개포동 155,서울특별시 강남구 개포로 410,교육연구시설,N,3860.82,0.0,N,N,N,강남소방서,19811214.0,N,1급대상,5,1,Y
[동별] 수도전기공업고등학교,한전청운재,서울특별시 강남구 개포동 155,서울특별시 강남구 개포로 410,교육연구시설,N,12393.66,0.0,N,N,N,강남소방서,19811214.0,N,1급대상,5,1,Y
[동별] 수도전기공업고등학교,중앙공급동,서울특별시 강남구 개포동 155,서울특별시 강남구 개포로 410,창고시설,N,620.4,0.0,N,N,N,강남소방서,19811214.0,N,1급대상,1,1,Y
[개황] 개포전력구(개포-일원동),개포전력구(개포-일원동),서울특별시 강남구 개포동 971,서울특별시 강남구 양재대로 580,지하구,N,579.0,0.0,N,N,Y,강남소방서,19941201.0,N,2급대상,0,1,Y
[동별] 개포전력구(개포-일원동),개포전력구(개포-일원동),서울특별시 강남구 개포동 971,서울특별시 강남구 양재대로 580,지하구,N,579.0,0.0,N,N,Y,강남소방서,,N,2급대상,0,1,Y
[개황] 개포경남아파트1차상가,개포경남아파트1차상가,서울특별시 강남구 개포동 649,서울특별시 강남구 언주로 110,판매시설,N,1819.9,0.0,N,N,N,강남소방서,19840308.0,N,2급대상,2,1,Y
[동별] 개포경남아파트1차상가,경남아파트1차상가,서울특별시 강남구 개포동 649,서울특별시 강남구 언주로 110,판매시설,N,1819.9,0.0,N,N,N,강남소방서,19840308.0,N,2급대상,2,1,Y
[개황] 래미안블레스티지,래미안블레스티지,서울특별시 강남구 개포동 1280,서울특별시 강남구 선릉로 8,공동주택,Y,578053.97,1957.0,Y,N,N,강남소방서,20190226.0,N,1급대상,35,5,Y
[동별] 래미안블레스티지,1~23동,서울특별시 강남구 개포동 1280,서울특별시 강남구 선릉로 8,공동주택,Y,362147.2,,N,N,N,강남소방서,,N,1급대상,35,3,Y
[동별] 래미안블레스티지,201,서울특별시 강남구 개포동 1280,서울특별시 강남구 선릉로 8,공동주택,Y,9348.34,103.0,Y,N,N,강남소방서,20190226.0,N,1급대상,8,5,Y
[동별] 래미안블레스티지,202,서울특별시 강남구 개포동 1280,서울특별시 강남구 선릉로 8,공동주택,Y,6944.34,86.0,Y,N,N,강남소방서,20190226.0,N,1급대상,22,5,Y
[동별] 래미안블레스티지,203,서울특별시 강남구 개포동 1280,서울특별시 강남구 선릉로 8,공동주택,Y,8496.3,88.0,Y,N,N,강남소방서,20190226.0,N,1급대상,23,5,Y
[동별] 래미안블레스티지,204,서울특별시 강남구 개포동 1280,서울특별시 강남구 선릉로 8,공동주택,Y,5116.91,46.0,Y,N,N,강남소방서,20190226.0,N,1급대상,24,5,Y
[동별] 래미안블레스티지,205,서울특별시 강남구 개포동 1280,서울특별시 강남구 선릉로 8,공동주택,Y,7429.26,78.0,Y,N,N,강남소방서,20190226.0,N,1급대상,20,5,Y
[동별] 래미안블레스티지,206,서울특별시 강남구 개포동 1280,서울특별시 강남구 선릉로 8,공동주택,Y,6162.53,64.0,Y,N,N,강남소방서,20190226.0,N,1급대상,17,5,Y
[동별] 래미안블레스티지,207,서울특별시 강남구 개포동 1280,서울특별시 강남구 선릉로 8,공동주택,Y,2006.58,24.0,Y,N,N,강남소방서,20190226.0,N,1급대상,7,5,Y
[동별] 래미안블레스티지,208,서울특별시 강남구 개포동 1280,서울특별시 강남구 선릉로 8,공동주택,Y,850.62,11.0,Y,N,N,강남소방서,20190226.0,N,1급대상,7,5,Y
[동별] 래미안블레스티지,209,서울특별시 강남구 개포동 1280,서울특별시 강남구 선릉로 8,공동주택,Y,4350.47,56.0,Y,N,N,강남소방서,20190226.0,N,1급대상,15,5,Y
[동별] 래미안블레스티지,210,서울특별시 강남구 개포동 1280,서울특별시 강남구 선릉로 8,공동주택,Y,13069.02,111.0,Y,N,N,강남소방서,20190226.0,N,1급대상,29,5,Y
[동별] 래미안블레스티지,211,서울특별시 강남구 개포동 1280,서울특별시 강남구 선릉로 8,공동주택,Y,13069.02,111.0,Y,N,N,강남소방서,20190226.0,N,1급대상,29,5,Y
[동별] 래미안블레스티지,212,서울특별시 강남구 개포동 1280,서울특별시 강남구 선릉로 8,공동주택,Y,20325.1,170.0,Y,N,N,강남소방서,20190226.0,N,1급대상,35,5,Y
[동별] 래미안블레스티지,213,서울특별시 강남구 개포동 1280,서울특별시 강남구 선릉로 8,공동주택,Y,20836.2,135.0,Y,N,N,강남소방서,20190226.0,N,1급대상,35,5,Y
[동별] 래미안블레스티지,214,서울특별시 강남구 개포동 1280,서울특별시 강남구 선릉로 8,공동주택,Y,18367.04,127.0,Y,N,N,강남소방서,20190226.0,N,1급대상,33,5,Y
[동별] 래미안블레스티지,215,서울특별시 강남구 개포동 1280,서울특별시 강남구 선릉로 8,공동주택,Y,19325.35,132.0,Y,N,N,강남소방서,20190226.0,N,1급대상,34,5,Y
[동별] 래미안블레스티지,216,서울특별시 강남구 개포동 1280,서울특별시 강남구 선릉로 8,공동주택,Y,13336.86,114.0,Y,N,N,강남소방서,20190226.0,N,1급대상,29,5,Y
[동별] 래미안블레스티지,217,서울특별시 강남구 개포동 1280,서울특별시 강남구 선릉로 8,공동주택,Y,6301.45,78.0,Y,N,N,강남소방서,20190226.0,N,1급대상,20,5,Y
[동별] 래미안블레스티지,218,서울특별시 강남구 개포동 1280,서울특별시 강남구 선릉로 8,공동주택,Y,6841.13,94.0,Y,N,N,강남소방서,20190226.0,N,1급대상,16,5,Y
[동별] 래미안블레스티지,219,서울특별시 강남구 개포동 1280,서울특별시 강남구 선릉로 8,공동주택,Y,7113.31,64.0,Y,N,N,강남소방서,20190226.0,N,1급대상,17,5,Y
[동별] 래미안블레스티지,220,서울특별시 강남구 개포동 1280,서울특별시 강남구 선릉로 8,공동주택,Y,3811.99,34.0,Y,N,N,강남소방서,20190226.0,N,1급대상,19,5,Y
[동별] 래미안블레스티지,221,서울특별시 강남구 개포동 1280,서울특별시 강남구 선릉로 8,공동주택,Y,9303.5,84.0,Y,N,N,강남소방서,20190226.0,N,1급대상,22,5,Y
[동별] 래미안블레스티지,222,서울특별시 강남구 개포동 1280,서울특별시 강남구 선릉로 8,공동주택,Y,7808.35,82.0,Y,N,N,강남소방서,20190226.0,N,1급대상,21,5,Y
[동별] 래미안블레스티지,223,서울특별시 강남구 개포동 1280,서울특별시 강남구 선릉로 8,공동주택,Y,5693.1,65.0,Y,N,N,강남소방서,20190226.0,N,1급대상,8,5,Y
[개황] 돌샘유치원,돌샘유치원,서울특별시 강남구 개포동 185-1,서울특별시 강남구 개포로 516,노유자시설,N,1097.28,0.0,N,N,N,강남소방서,19831203.0,N,2급대상,2,1,Y
[동별] 돌샘유치원,돌샘유치원,서울특별시 강남구 개포동 185-1,서울특별시 강남구 개포로 516,노유자시설,N,1097.28,0.0,N,N,N,강남소방서,19831203.0,N,2급대상,2,1,Y
[개황] (철거)개포목욕탕,(철거)개포목욕탕,서울특별시 강남구 개포동 660-8,서울특별시 강남구 개포로 310-19,근린생활시설,N,1798.0,0.0,Y,N,N,강남소방서,19830312.0,N,2급대상,4,1,Y
[동별] (철거)개포목욕탕,개포목욕탕,서울특별시 강남구 개포동 660-8,서울특별시 강남구 개포로 310-19,근린생활시설,N,1798.0,0.0,Y,N,N,강남소방서,19830312.0,N,2급대상,4,1,Y
[개황] 개포중학교,개포중학교,서울특별시 강남구 개포동 660-37,서울특별시 강남구 선릉로 9,교육연구시설,N,12602.45,0.0,Y,N,N,강남소방서,19960424.0,N,2급대상,6,1,Y
[동별] 개포중학교,개포중학교,서울특별시 강남구 개포동  660-37,서울특별시 강남구 선릉로 9,교육연구시설,N,12602.45,0.0,Y,N,N,강남소방서,,N,2급대상,6,1,Y
[개황] 개포주공5단지아파트,개포주공5단지아파트,서울특별시 강남구 개포동 187,서울특별시 강남구 삼성로4길 17,공동주택,Y,91040.11,856.0,N,N,N,강남소방서,19831026.0,N,2급대상,14,1,Y
[동별] 개포주공5단지아파트,개포주공5단지아파트501동,서울특별시 강남구 개포동 187,서울특별시 강남구 삼성로4길 17,공동주택,Y,15337.0,140.0,N,N,N,강남소방서,19831026.0,N,2급대상,14,1,Y
[동별] 개포주공5단지아파트,개포주공5단지아파트502동,서울특별시 강남구 개포동 187,서울특별시 강남구 삼성로4길 17,공동주택,Y,14720.77,140.0,N,N,N,강남소방서,19831026.0,N,2급대상,14,1,Y
[동별] 개포주공5단지아파트,개포주공5단지아파트503동,서울특별시 강남구 개포동 187,서울특별시 강남구 삼성로4길 17,공동주택,Y,14720.77,140.0,N,N,N,강남소방서,19831026.0,N,2급대상,14,1,Y
[동별] 개포주공5단지아파트,개포주공5단지아파트504동,서울특별시 강남구 개포동 187,서울특별시 강남구 삼성로4길 17,공동주택,Y,14720.77,140.0,N,N,N,강남소방서,19831026.0,N,2급대상,14,1,Y
[동별] 개포주공5단지아파트,개포주공5단지아파트505동,서울특별시 강남구 개포동 187,서울특별시 강남구 삼성로4길 17,공동주택,Y,19496.4,140.0,N,N,N,강남소방서,19831026.0,N,2급대상,14,1,Y
[동별] 개포주공5단지아파트,개포주공5단지아파트506동,서울특별시 강남구 개포동 187,서울특별시 강남구 삼성로4길 17,공동주택,Y,12044.4,156.0,N,N,N,강남소방서,19831026.0,N,2급대상,13,1,Y
[개황] 개포주공7단지,개포주공7단지,서울특별시 강남구 개포동 185,서울특별시 강남구 개포로 516,공동주택,Y,86320.72,900.0,N,N,N,강남소방서,19831026.0,N,2급대상,15,1,Y
[동별] 개포주공7단지,개포주공7단지아파트701동,서울특별시 강남구 개포동 185,서울특별시 강남구 개포로 516,공동주택,Y,8503.25,90.0,N,N,N,강남소방서,19831026.0,N,2급대상,15,1,Y
[동별] 개포주공7단지,개포주공7단지아파트702동,서울특별시 강남구 개포동 185,서울특별시 강남구 개포로 516,공동주택,Y,14138.9,135.0,N,N,N,강남소방서,19831026.0,N,2급대상,15,1,Y
[동별] 개포주공7단지,개포주공7단지아파트703동,서울특별시 강남구 개포동 185,서울특별시 강남구 개포로 516,공동주택,Y,9047.7,90.0,N,N,N,강남소방서,19831026.0,N,2급대상,15,1,Y
[동별] 개포주공7단지,개포주공7단지아파트704동,서울특별시 강남구 개포동 185,서울특별시 강남구 개포로 516,공동주택,Y,12140.69,135.0,N,N,N,강남소방서,19831026.0,N,2급대상,15,1,Y
[동별] 개포주공7단지,개포주공7단지아파트705동,서울특별시 강남구 개포동 185,서울특별시 강남구 개포로 516,공동주택,Y,9047.7,90.0,N,N,N,강남소방서,19831026.0,N,2급대상,15,1,Y
[동별] 개포주공7단지,개포주공7단지아파트706동,서울특별시 강남구 개포동 185,서울특별시 강남구 개포로 516,공동주택,Y,12798.54,135.0,N,N,N,강남소방서,19831026.0,N,2급대상,15,1,Y
[동별] 개포주공7단지,개포주공7단지아파트707동,서울특별시 강남구 개포동 185,서울특별시 강남구 개포로 516,공동주택,Y,12140.69,135.0,N,N,N,강남소방서,19831026.0,N,2급대상,15,1,Y
[동별] 개포주공7단지,개포주공7단지아파트708동,서울특별시 강남구 개포동 185,서울특별시 강남구 개포로 516,공동주택,Y,8503.25,90.0,N,N,N,강남소방서,19831026.0,N,2급대상,15,1,Y
[개황] 개포주공6단지아파트,개포주공6단지아파트,서울특별시 강남구 개포동 185,서울특별시 강남구 개포로 516,공동주택,Y,94575.25,1060.0,N,N,N,강남소방서,19831026.0,N,2급대상,14,1,Y
[동별] 개포주공6단지아파트,개포주공6단지아파트601동,서울특별시 강남구 개포동 185,서울특별시 강남구 개포로 516,공동주택,Y,8361.18,112.0,N,N,N,강남소방서,19831026.0,N,2급대상,14,1,Y
[동별] 개포주공6단지아파트,개포주공6단지아파트602동,서울특별시 강남구 개포동 185,서울특별시 강남구 개포로 516,공동주택,Y,11865.53,120.0,N,N,N,강남소방서,19831026.0,N,2급대상,14,1,Y
[동별] 개포주공6단지아파트,개포주공6단지아파트603동,서울특별시 강남구 개포동 185,서울특별시 강남구 개포로 516,공동주택,Y,8361.18,112.0,N,N,N,강남소방서,19831026.0,N,2급대상,14,1,Y
[동별] 개포주공6단지아파트,개포주공6단지아파트604동,서울특별시 강남구 개포동 185,서울특별시 강남구 개포로 516,공동주택,Y,11865.53,120.0,N,N,N,강남소방서,19831026.0,N,2급대상,14,1,Y
[동별] 개포주공6단지아파트,개포주공6단지아파트605동,서울특별시 강남구 개포동 185,서울특별시 강남구 개포로 516,공동주택,Y,7820.21,104.0,N,N,N,강남소방서,19831026.0,N,2급대상,13,1,Y
[동별] 개포주공6단지아파트,개포주공6단지아파트606동,서울특별시 강남구 개포동 185,서울특별시 강남구 개포로 516,공동주택,Y,11865.53,120.0,N,N,N,강남소방서,19831026.0,N,2급대상,14,1,Y
[동별] 개포주공6단지아파트,개포주공6단지아파트607동,서울특별시 강남구 개포동 185,서울특별시 강남구 개포로 516,공동주택,Y,8361.18,112.0,N,N,N,강남소방서,19831026.0,N,2급대상,14,1,Y
[동별] 개포주공6단지아파트,개포주공6단지아파트608동,서울특별시 강남구 개포동 185,서울특별시 강남구 개포로 516,공동주택,Y,10429.99,104.0,N,N,N,강남소방서,19831026.0,N,2급대상,13,1,Y
[동별] 개포주공6단지아파트,개포주공6단지아파트609동,서울특별시 강남구 개포동 185,서울특별시 강남구 개포로 516,공동주택,Y,15644.92,156.0,N,N,N,강남소방서,19831026.0,N,2급대상,13,1,Y
[개황] 장우빌딩,장우빌딩,서울특별시 강남구 개포동 186-5,서울특별시 강남구 개포로82길 13-11,복합건축물,N,1276.72,0.0,N,N,N,강남소방서,19840127.0,N,3급대상,4,1,Y
[동별] 장우빌딩,장우빌딩,서울특별시 강남구 개포동 186-5,서울특별시 강남구 개포로82길 13-11,복합건축물,N,1276.72,0.0,N,N,N,강남소방서,19840127.0,N,3급대상,4,1,Y
[개황] 공신빌딩,공신빌딩,서울특별시 강남구 개포동 186-18,서울특별시 강남구 개포로88길 6,복합건축물,N,3561.0,0.0,N,N,N,강남소방서,19831224.0,N,2급대상,6,2,Y
[동별] 공신빌딩,공신빌딩,서울특별시 강남구 개포동 186-18,서울특별시 강남구 개포로88길 6,복합건축물,N,3561.0,0.0,N,N,N,강남소방서,19831224.0,N,2급대상,6,2,Y
[개황] 개포도서관,개포도서관,서울특별시 강남구 개포동 139,서울특별시 강남구 선릉로4길 30,교육연구시설,N,2246.06,0.0,N,N,N,강남소방서,19831220.0,N,2급대상,2,1,Y
[동별] 개포도서관,개포도서관,서울특별시 강남구 개포동 139,서울특별시 강남구 선릉로4길 30,교육연구시설,N,2246.06,0.0,N,N,N,강남소방서,19831220.0,N,2급대상,2,1,Y
[개황] 개포현대1차아파트,개포현대1차아파트,서울특별시 강남구 개포동 653,서울특별시 강남구 개포로 303,공동주택,Y,67393.62,416.0,N,N,N,강남소방서,19840420.0,N,2급대상,13,1,Y
[동별] 개포현대1차아파트,개포현대1차아파트101동,서울특별시 강남구 개포동 653,서울특별시 강남구 개포로 303,공동주택,Y,11852.4,78.0,N,N,N,강남소방서,19840420.0,N,2급대상,13,1,Y
[동별] 개포현대1차아파트,개포현대1차아파트102동,서울특별시 강남구 개포동 653,서울특별시 강남구 개포로 303,공동주택,Y,8012.9,78.0,N,N,N,강남소방서,19840420.0,N,2급대상,13,1,Y
[동별] 개포현대1차아파트,개포현대1차아파트103동,서울특별시 강남구 개포동 653,서울특별시 강남구 개포로 303,공동주택,Y,14883.26,78.0,N,N,N,강남소방서,19840420.0,N,2급대상,13,1,Y
[동별] 개포현대1차아파트,개포현대1차아파트104동,서울특별시 강남구 개포동 653,서울특별시 강남구 개포로 303,공동주택,Y,9886.8,52.0,N,N,N,강남소방서,19840420.0,N,2급대상,13,1,Y
[동별] 개포현대1차아파트,개포현대1차아파트105동,서울특별시 강남구 개포동 653,서울특별시 강남구 개포로 303,공동주택,Y,14883.26,78.0,N,N,N,강남소방서,19840420.0,N,2급대상,13,1,Y
[동별] 개포현대1차아파트,개포현대1차아파트106동,서울특별시 강남구 개포동 653,서울특별시 강남구 개포로 303,공동주택,Y,7875.0,52.0,N,N,N,강남소방서,19840420.0,N,2급대상,13,1,Y
[개황] 성지빌딩,성지빌딩,서울특별시 강남구 개포동 186-11,서울특별시 강남구 개포로82길 5-8,복합건축물,N,2473.95,0.0,Y,N,N,강남소방서,19840218.0,N,2급대상,5,2,Y
[동별] 성지빌딩,성지빌딩,서울특별시 강남구 개포동 186-11,서울특별시 강남구 개포로82길 5-8,복합건축물,N,2473.95,0.0,Y,N,N,강남소방서,19840218.0,N,2급대상,5,2,Y
[개황] 개포경남아파트,개포경남아파트,서울특별시 강남구 개포동 649,서울특별시 강남구 언주로 110,공동주택,Y,102047.17,678.0,N,N,N,강남소방서,19841101.0,N,2급대상,15,1,Y
[동별] 개포경남아파트,개포경남아파트1동,서울특별시 강남구 개포동 649,서울특별시 강남구 언주로 110,공동주택,Y,14092.32,96.0,N,N,N,강남소방서,19840308.0,N,2급대상,12,1,Y
[동별] 개포경남아파트,개포경남아파트2동,서울특별시 강남구 개포동 649,서울특별시 강남구 언주로 110,공동주택,Y,14092.32,96.0,N,N,N,강남소방서,19840308.0,N,2급대상,12,1,Y
[동별] 개포경남아파트,개포경남아파트3동,서울특별시 강남구 개포동 649,서울특별시 강남구 언주로 110,공동주택,Y,7558.44,72.0,N,N,N,강남소방서,19840308.0,N,2급대상,12,1,Y
[동별] 개포경남아파트,개포경남아파트5동,서울특별시 강남구 개포동 649,서울특별시 강남구 언주로 110,공동주택,Y,8652.96,48.0,N,N,N,강남소방서,19840308.0,N,2급대상,12,1,Y
[동별] 개포경남아파트,개포경남아파트6동,서울특별시 강남구 개포동 649,서울특별시 강남구 언주로 110,공동주택,Y,5038.96,48.0,N,N,N,강남소방서,19840308.0,N,2급대상,12,1,Y
[동별] 개포경남아파트,개포경남아파트7동,서울특별시 강남구 개포동 649,서울특별시 강남구 언주로 110,공동주택,Y,5038.96,48.0,N,N,N,강남소방서,19840308.0,N,2급대상,12,1,Y
[동별] 개포경남아파트,개포경남아파트8동,서울특별시 강남구 개포동 649,서울특별시 강남구 언주로 110,공동주택,Y,20549.48,120.0,N,N,N,강남소방서,19841101.0,N,2급대상,15,1,Y
[동별] 개포경남아파트,개포경남아파트9동,서울특별시 강남구 개포동 649,서울특별시 강남구 언주로 110,공동주택,Y,17483.85,90.0,N,N,N,강남소방서,19841101.0,N,2급대상,15,1,Y
[동별] 개포경남아파트,개포경남아파트10동,서울특별시 강남구 개포동 649,서울특별시 강남구 언주로 110,공동주택,Y,9539.88,60.0,N,N,N,강남소방서,19841101.0,N,2급대상,15,1,Y
[개황] 개포빌딩,개포빌딩,서울특별시 강남구 개포동 186-1,서울특별시 강남구 삼성로 38,복합건축물,N,7720.96,,Y,N,N,강남소방서,19840326.0,N,2급대상,7,2,Y
[동별] 개포빌딩,개포빌딩,서울특별시 강남구 개포동 186-1,서울특별시 강남구 삼성로 38,복합건축물,N,7720.96,,Y,N,N,강남소방서,19840326.0,N,2급대상,7,2,Y
[개황] 삼우빌딩,삼우빌딩,서울특별시 강남구 개포동 186-3,서울특별시 강남구 개포로82길 11,복합건축물,N,3984.0,0.0,N,N,N,강남소방서,19840323.0,N,2급대상,6,2,Y
[동별] 삼우빌딩,삼우빌딩,서울특별시 강남구 개포동 186-3,서울특별시 강남구 개포로82길 11,복합건축물,N,3984.0,0.0,N,N,N,강남소방서,19840323.0,N,2급대상,6,2,Y
[개황] 남광빌딩,남광빌딩,서울특별시 강남구 개포동 186-6,서울특별시 강남구 개포로82길 13-15,복합건축물,N,1202.0,0.0,N,N,N,강남소방서,19840221.0,N,3급대상,4,1,Y
[동별] 남광빌딩,남광빌딩,서울특별시 강남구 개포동 186-6,서울특별시 강남구 개포로82길 13-15,복합건축물,N,1202.0,0.0,N,N,N,강남소방서,19440221.0,N,3급대상,4,1,Y
[개황] 대화빌딩,대화빌딩,서울특별시 강남구 개포동 186-7,서울특별시 강남구 개포로82길 13-17,복합건축물,N,1320.0,0.0,N,N,N,강남소방서,19840208.0,N,3급대상,5,1,Y
[동별] 대화빌딩,대화빌딩,서울특별시 강남구 개포동 186-7,서울특별시 강남구 개포로82길 13-17,복합건축물,N,1320.0,0.0,N,N,N,강남소방서,19840208.0,N,3급대상,5,1,Y
[개황] 청우빌딩,청우빌딩,서울특별시 강남구 개포동 186-14,서울특별시 강남구 개포로 506,복합건축물,N,3408.0,0.0,N,N,N,강남소방서,19840612.0,N,2급대상,6,2,Y
[동별] 청우빌딩,청우빌딩,서울특별시 강남구 개포동 186-14,서울특별시 강남구 개포로 506,복합건축물,N,3408.0,0.0,N,N,N,강남소방서,19840612.0,N,2급대상,6,2,Y
[개황] 삼성빌딩,삼성빌딩,서울특별시 강남구 개포동 186-12,서울특별시 강남구 개포로82길 7,복합건축물,N,3004.0,0.0,Y,N,N,강남소방서,19840628.0,N,2급대상,5,2,Y
[동별] 삼성빌딩,삼성빌딩,서울특별시 강남구 개포동 186-12,서울특별시 강남구 개포로82길 7,복합건축물,N,3004.0,0.0,Y,N,N,강남소방서,,N,2급대상,5,2,Y
[개황] 한국빌딩,한국빌딩,서울특별시 강남구 개포동 186-10,서울특별시 강남구 개포로82길 9-11,복합건축물,N,1468.0,0.0,N,N,N,강남소방서,19840622.0,N,3급대상,4,1,Y
[동별] 한국빌딩,한국빌딩,서울특별시 강남구 개포동 186-10,서울특별시 강남구 개포로82길 9-11,복합건축물,N,1468.0,0.0,N,N,N,강남소방서,19840622.0,N,3급대상,4,1,Y
[개황] 개원중학교,개원중학교,서울특별시 강남구 개포동 184,서울특별시 강남구 영동대로 101,교육연구시설,N,11819.08,0.0,N,N,N,강남소방서,19960424.0,N,2급대상,4,1,Y
[동별] 개원중학교,교사1동,서울특별시 강남구 개포동 184,서울특별시 강남구 영동대로 101,교육연구시설,N,4801.49,0.0,N,N,N,강남소방서,19960424.0,N,2급대상,4,1,Y
[동별] 개원중학교,교사2동,서울특별시 강남구 개포동 184,서울특별시 강남구 영동대로 101,교육연구시설,N,4177.4,0.0,N,N,N,강남소방서,19960424.0,N,2급대상,4,1,Y
[동별] 개원중학교,다목적강당,서울특별시 강남구 개포동 184,서울특별시 강남구 영동대로 101,교육연구시설,N,2034.22,0.0,N,N,N,강남소방서,19960424.0,N,2급대상,2,0,Y
[동별] 개원중학교,부속건축물,서울특별시 강남구 개포동 184,서울특별시 강남구 영동대로 101,교육연구시설,N,805.97,0.0,N,N,N,강남소방서,,N,2급대상,1,1,Y
[개황] 개포종합상가,개포종합상가,서울특별시 강남구 개포동 186-17,서울특별시 강남구 개포로 512,복합건축물,N,6720.0,0.0,N,N,N,강남소방서,19840725.0,N,2급대상,6,2,Y
[동별] 개포종합상가,개포종합상가,서울특별시 강남구 개포동 186-17,서울특별시 강남구 개포로 512,복합건축물,N,6720.0,0.0,N,N,N,강남소방서,19840725.0,N,2급대상,6,2,Y
[개황] 세종빌딩,세종빌딩,서울특별시 강남구 개포동 186-4,서울특별시 강남구 개포로82길 13-9,복합건축물,N,3473.82,0.0,N,N,N,강남소방서,19840218.0,N,2급대상,5,2,Y
[동별] 세종빌딩,세종빌딩,서울특별시 강남구 개포동 186-4,서울특별시 강남구 개포로82길 13-9,복합건축물,N,3473.82,0.0,N,N,N,강남소방서,19840218.0,N,2급대상,5,2,Y
[개황] 소망빌딩,소망빌딩,서울특별시 강남구 개포동 186-15,서울특별시 강남구 개포로 508,복합건축물,N,3826.34,0.0,Y,N,N,강남소방서,19840906.0,N,2급대상,6,2,Y
[동별] 소망빌딩,소망빌딩,서울특별시 강남구 개포동 186-15,서울특별시 강남구 개포로 508,복합건축물,N,3826.34,0.0,Y,N,N,강남소방서,19840906.0,N,2급대상,6,2,Y
[개황] 영진빌딩,영진빌딩,서울특별시 강남구 개포동 186-9,서울특별시 강남구 개포로82길 9-15,복합건축물,N,1049.0,0.0,N,N,N,강남소방서,19840611.0,N,3급대상,3,1,Y
[동별] 영진빌딩,영진빌딩            ,서울특별시 강남구 개포동 186-9,서울특별시 강남구 개포로82길 9-15,복합건축물,N,1049.0,0.0,N,N,N,강남소방서,19840611.0,N,3급대상,3,1,Y
[개황] 개포우성3차아파트,개포우성3차아파트,서울특별시 강남구 개포동 652,서울특별시 강남구 개포로 307,공동주택,Y,59776.46,405.0,N,N,N,강남소방서,19841231.0,N,2급대상,15,1,Y
[동별] 개포우성3차아파트,우성3차아파트1동,서울특별시 강남구 개포동 652,서울특별시 강남구 개포로 307,공동주택,Y,10947.0,60.0,N,N,N,강남소방서,19841231.0,N,2급대상,15,1,Y
[동별] 개포우성3차아파트,우성3차아파트2동,서울특별시 강남구 개포동 652,서울특별시 강남구 개포로 307,공동주택,Y,10947.16,60.0,N,N,N,강남소방서,19841231.0,N,2급대상,15,1,Y
[동별] 개포우성3차아파트,우성3차아파트3동,서울특별시 강남구 개포동 652,서울특별시 강남구 개포로 307,공동주택,Y,9180.48,60.0,N,N,N,강남소방서,19841231.0,N,2급대상,15,1,Y
[동별] 개포우성3차아파트,우성3차아파트5동,서울특별시 강남구 개포동 652,서울특별시 강남구 개포로 307,공동주택,Y,13770.72,90.0,N,N,N,강남소방서,19841231.0,N,2급대상,15,1,Y
[동별] 개포우성3차아파트,우성3차아파트6동,서울특별시 강남구 개포동 652,서울특별시 강남구 개포로 307,공동주택,Y,14931.1,135.0,N,N,N,강남소방서,19841231.0,N,2급대상,15,1,Y
[개황] 대양빌딩,대양빌딩,서울특별시 강남구 개포동 186-8,서울특별시 강남구 개포로82길 9-17,근린생활시설,N,975.22,0.0,N,N,N,강남소방서,19840326.0,N,3급대상,4,1,Y
[동별] 대양빌딩,대양빌딩,서울특별시 강남구 개포동 186-8,서울특별시 강남구 개포로82길 9-17,근린생활시설,N,975.22,0.0,N,N,N,강남소방서,19840326.0,N,3급대상,4,1,Y
[개황] 복합상가,복합상가,서울특별시 강남구 개포동 660-12,서울특별시 강남구 개포로 310,복합건축물,N,1319.9,0.0,N,N,N,강남소방서,19820604.0,N,3급대상,2,0,Y
[동별] 복합상가,개포1차지구아파트 복합상가,서울특별시 강남구 개포동 660-12,서울특별시 강남구 개포로 310,복합건축물,N,1319.9,0.0,N,N,N,강남소방서,19820604.0,N,3급대상,2,0,Y
[개황] 구룡초등학교,구룡초등학교,서울특별시 강남구 개포동 655,서울특별시 강남구 개포로 263,교육연구시설,N,8040.26,0.0,N,N,N,강남소방서,19850409.0,N,2급대상,4,1,Y
[동별] 구룡초등학교,구룡초등학교,서울특별시 강남구 개포동 655,서울특별시 강남구 개포로 263,교육연구시설,N,7097.3,0.0,N,N,N,강남소방서,19850409.0,N,2급대상,4,1,Y
[동별] 구룡초등학교,2,서울특별시 강남구 개포동 655,서울특별시 강남구 개포로 263,교육연구시설,N,942.96,0.0,N,N,N,강남소방서,,N,2급대상,3,0,Y
[개황] 우성3차아파트상가,우성3차아파트상가,서울특별시 강남구 개포동 652,서울특별시 강남구 개포로 307,판매시설,N,2222.46,0.0,Y,N,N,강남소방서,19841231.0,N,2급대상,2,1,Y
[동별] 우성3차아파트상가,우성3차상가,서울특별시 강남구 개포동 652,서울특별시 강남구 개포로 307,판매시설,N,2222.46,0.0,Y,N,N,강남소방서,19841231.0,N,2급대상,2,1,Y
[개황] 개포현대2차아파트 201동(대표동),개포현대2차아파트 201동(대표동),서울특별시 강남구 개포동 654,서울특별시 강남구 언주로 107,공동주택,Y,91344.79,557.0,N,N,N,강남소방서,19860522.0,N,2급대상,9,1,Y
[동별] 개포현대2차아파트 201동(대표동),개포현대2차아파트201동,서울특별시 강남구 개포동 654,서울특별시 강남구 언주로 107,공동주택,Y,5536.77,36.0,N,N,N,강남소방서,19860522.0,N,2급대상,9,1,Y
[동별] 개포현대2차아파트 201동(대표동),개포현대2차아파트202동,서울특별시 강남구 개포동 654,서울특별시 강남구 언주로 107,공동주택,Y,5729.38,36.0,N,N,N,강남소방서,19860131.0,N,2급대상,9,1,Y
[동별] 개포현대2차아파트 201동(대표동),개포현대2차아파트203동,서울특별시 강남구 개포동 654,서울특별시 강남구 언주로 107,공동주택,Y,10549.12,54.0,N,N,N,강남소방서,19860131.0,N,2급대상,9,1,Y
[동별] 개포현대2차아파트 201동(대표동),개포현대2차아파트204동,서울특별시 강남구 개포동 654,서울특별시 강남구 언주로 107,공동주택,Y,7026.11,36.0,N,N,N,강남소방서,19860131.0,N,2급대상,9,1,Y
[동별] 개포현대2차아파트 201동(대표동),개포현대2차아파트205동,서울특별시 강남구 개포동 654,서울특별시 강남구 언주로 107,공동주택,Y,7026.11,36.0,N,N,N,강남소방서,19860131.0,N,2급대상,9,1,Y
[동별] 개포현대2차아파트 201동(대표동),개포현대2차아파트206동,서울특별시 강남구 개포동 654,서울특별시 강남구 언주로 107,공동주택,Y,3513.1,18.0,N,N,N,강남소방서,19860131.0,N,2급대상,9,1,Y
[동별] 개포현대2차아파트 201동(대표동),개포현대2차아파트207동,서울특별시 강남구 개포동 654,서울특별시 강남구 언주로 107,공동주택,Y,8631.07,54.0,N,N,N,강남소방서,19860131.0,N,2급대상,9,1,Y
[동별] 개포현대2차아파트 201동(대표동),개포현대2차아파트208동,서울특별시 강남구 개포동 654,서울특별시 강남구 언주로 107,공동주택,Y,7026.11,36.0,N,N,N,강남소방서,19860131.0,N,2급대상,9,1,Y
[동별] 개포현대2차아파트 201동(대표동),개포현대2차아파트209동,서울특별시 강남구 개포동 654,서울특별시 강남구 언주로 107,공동주택,Y,8588.58,53.0,N,N,N,강남소방서,19860131.0,N,2급대상,9,1,Y
[동별] 개포현대2차아파트 201동(대표동),개포현대2차아파트210동,서울특별시 강남구 개포동 654,서울특별시 강남구 언주로 107,공동주택,Y,7680.16,72.0,N,N,N,강남소방서,19860131.0,N,2급대상,9,1,Y
[동별] 개포현대2차아파트 201동(대표동),개포현대2차아파트211동,서울특별시 강남구 개포동 654,서울특별시 강남구 언주로 107,공동주택,Y,7026.11,36.0,N,N,N,강남소방서,19860131.0,N,2급대상,9,1,Y
[동별] 개포현대2차아파트 201동(대표동),개포현대2차아파트212동,서울특별시 강남구 개포동 654,서울특별시 강남구 언주로 107,공동주택,Y,8631.07,54.0,N,N,N,강남소방서,19860131.0,N,2급대상,9,1,Y
[동별] 개포현대2차아파트 201동(대표동),개포현대2차아파트213동,서울특별시 강남구 개포동 654,서울특별시 강남구 언주로 107,공동주택,Y,3840.08,36.0,N,N,N,강남소방서,19860131.0,N,2급대상,9,1,Y
[동별] 개포현대2차아파트 201동(대표동),현대아파트상가,서울특별시 강남구 개포동 654,서울특별시 강남구 언주로 107,판매시설,N,541.02,0.0,N,N,N,강남소방서,19860131.0,N,2급대상,2,1,Y
[개황] 개포현대3차아파트,개포현대3차아파트,서울특별시 강남구 개포동 177,서울특별시 강남구 개포로 409,공동주택,Y,32342.2,198.0,N,N,N,강남소방서,19860331.0,N,2급대상,9,1,Y
[동별] 개포현대3차아파트,개포현대3차아파트1동,서울특별시 강남구 개포동 177,서울특별시 강남구 개포로 409,공동주택,Y,6975.0,36.0,N,N,N,강남소방서,19860331.0,N,2급대상,9,1,Y
[동별] 개포현대3차아파트,개포현대3차아파트2동,서울특별시 강남구 개포동 177,서울특별시 강남구 개포로 409,공동주택,Y,6975.3,36.0,N,N,N,강남소방서,19860331.0,N,2급대상,9,1,Y
[동별] 개포현대3차아파트,개포현대3차아파트3동,서울특별시 강남구 개포동 177,서울특별시 강남구 개포로 409,공동주택,Y,6975.3,36.0,N,N,N,강남소방서,19860331.0,N,2급대상,9,1,Y
[동별] 개포현대3차아파트,개포현대3차아파트4동,서울특별시 강남구 개포동 177,서울특별시 강남구 개포로 409,공동주택,Y,5700.4,36.0,N,N,N,강남소방서,19860404.0,N,2급대상,9,1,Y
[동별] 개포현대3차아파트,개포현대3차아파트5동,서울특별시 강남구 개포동 177,서울특별시 강남구 개포로 409,공동주택,Y,5716.2,54.0,N,N,N,강남소방서,19860331.0,N,2급대상,9,1,Y
[개황] 개포현대200동아파트,개포현대200동아파트,서울특별시 강남구 개포동 655-1,서울특별시 강남구 언주로 105,공동주택,Y,7357.28,72.0,N,N,N,강남소방서,19860131.0,N,2급대상,9,1,Y
[동별] 개포현대200동아파트,천호전화국조합현대아,서울특별시 강남구 개포동 655-1,서울특별시 강남구 언주로 105,공동주택,Y,7357.28,72.0,N,N,N,강남소방서,19860724.0,N,2급대상,9,1,Y
[개황] 청송빌딩(청동빌딩),청송빌딩(청동빌딩),서울특별시 강남구 개포동 186,서울특별시 강남구 삼성로 40,복합건축물,N,7058.67,,Y,N,N,강남소방서,19860704.0,N,2급대상,6,2,Y
[동별] 청송빌딩(청동빌딩),청동빌딩(청송빌딩),서울특별시 강남구 개포동 186,서울특별시 강남구 삼성로 40,복합건축물,N,7058.67,,Y,N,N,강남소방서,19860704.0,N,2급대상,6,2,Y
[개황] 도선여객,도선여객,서울특별시 강남구 개포동 565-3,서울특별시 강남구 양재대로 486,항공기및자동차관련시설,N,975.57,0.0,N,N,N,강남소방서,20080912.0,N,3급대상,4,0,Y
[동별] 도선여객,삼영교통도선여객,서울특별시 강남구 개포동 565-3,서울특별시 강남구 양재대로 486,항공기및자동차관련시설,N,975.57,0.0,N,N,N,강남소방서,20080912.0,N,3급대상,4,0,Y
[개황] 개포고등학교,개포고등학교,서울특별시 강남구 개포동 173,서울특별시 강남구 개포로 402,교육연구시설,N,12240.0,0.0,N,N,N,강남소방서,20050622.0,N,2급대상,4,1,Y
[동별] 개포고등학교,개포고교,서울특별시 강남구 개포동 173,서울특별시 강남구 개포로 402,교육연구시설,N,6824.0,0.0,N,N,N,강남소방서,20050622.0,N,2급대상,4,1,Y
[동별] 개포고등학교,개포고등학교 2동(식당),서울특별시 강남구 개포동 173,서울특별시 강남구 개포로 402,교육연구시설,N,1433.0,0.0,N,N,N,강남소방서,20050622.0,N,2급대상,4,0,Y
[동별] 개포고등학교,정보종합센터(E동),서울특별시 강남구 개포동 173,서울특별시 강남구 개포로 402,교육연구시설,N,1616.0,0.0,N,N,N,강남소방서,20050622.0,N,2급대상,4,0,Y
[동별] 개포고등학교,체육관동,서울특별시 강남구 개포동 173,서울특별시 강남구 개포로 402,교육연구시설,N,2367.0,0.0,N,N,N,강남소방서,20050622.0,N,2급대상,3,1,Y
[개황] 영동교회,영동교회,서울특별시 강남구 개포동 1169,서울특별시 강남구 논현로6길 6,종교시설,N,2212.36,0.0,N,N,N,강남소방서,19900806.0,N,2급대상,3,1,Y
[동별] 영동교회,영동교회,서울특별시 강남구 개포동 1169,서울특별시 강남구 논현로6길 6,종교시설,N,2212.36,0.0,N,N,N,강남소방서,19900806.0,N,2급대상,3,1,Y
[개황] 개포우성8차아파트,개포우성8차아파트,서울특별시 강남구 개포동 179,서울특별시 강남구 개포로 411,공동주택,Y,26100.68,261.0,N,N,N,강남소방서,19870921.0,N,2급대상,9,1,Y
[동별] 개포우성8차아파트,개포우성8차아파트801,서울특별시 강남구 개포동 179,서울특별시 강남구 개포로 411,공동주택,Y,8286.0,81.0,N,N,N,강남소방서,19870921.0,N,2급대상,9,1,Y
[동별] 개포우성8차아파트,개포우성8차아파트802,서울특별시 강남구 개포동 179,서울특별시 강남구 개포로 411,공동주택,Y,8907.34,90.0,N,N,N,강남소방서,19870921.0,N,2급대상,9,1,Y
[동별] 개포우성8차아파트,개포우성8차아파트803,서울특별시 강남구 개포동 179,서울특별시 강남구 개포로 411,공동주택,Y,8907.34,90.0,N,N,N,강남소방서,19870921.0,N,2급대상,9,1,Y
[개황] 개일초등학교,개일초등학교,서울특별시 강남구 개포동 174,서울특별시 강남구 개포로 401,교육연구시설,N,7882.15,0.0,Y,N,N,강남소방서,19960424.0,N,2급대상,4,1,Y
[동별] 개일초등학교,개일초등학교,서울특별시 강남구 개포동 174,서울특별시 강남구 개포로 401,교육연구시설,N,4798.0,0.0,Y,N,N,강남소방서,19960424.0,N,2급대상,4,1,Y
[동별] 개일초등학교,개일초등학교,서울특별시 강남구 개포동 174,서울특별시 강남구 개포로 401,교육연구시설,N,200.0,0.0,N,N,N,강남소방서,,N,2급대상,4,0,Y
[동별] 개일초등학교,3,서울특별시 강남구 개포동 174,서울특별시 강남구 개포로 401,교육연구시설,N,1913.38,0.0,N,N,N,강남소방서,,N,2급대상,2,0,Y
[동별] 개일초등학교,학생식당,서울특별시 강남구 개포동 174,서울특별시 강남구 개포로 401,교육연구시설,N,970.77,0.0,N,N,N,강남소방서,,N,2급대상,1,0,Y
[개황] (철거예정)개포탕,(철거예정)개포탕,서울특별시 강남구 개포동 159-2,서울특별시 강남구 선릉로8길 12,근린생활시설,N,1646.0,0.0,N,N,N,강남소방서,19871214.0,N,2급대상,3,2,Y
[동별] (철거예정)개포탕,개포탕,서울특별시 강남구 개포동 159-2,서울특별시 강남구 선릉로8길 12,근린생활시설,N,1646.0,0.0,N,N,N,강남소방서,19871214.0,N,2급대상,3,2,Y
[개황] 대양빌딩,대양빌딩,서울특별시 강남구 개포동 158-1,서울특별시 강남구 선릉로6길 6,복합건축물,N,830.0,,N,N,N,강남소방서,19871224.0,N,3급대상,4,1,Y
[동별] 대양빌딩,대양빌딩,서울특별시 강남구 개포동 158-1,서울특별시 강남구 선릉로6길 6,복합건축물,N,830.0,,N,N,N,강남소방서,19871224.0,N,3급대상,4,1,Y
[개황] 서경빌딩,서경빌딩,서울특별시 강남구 개포동 167-3,서울특별시 강남구 선릉로 32,복합건축물,N,1341.33,0.0,N,N,N,강남소방서,19880222.0,N,3급대상,3,1,Y
[동별] 서경빌딩,서경빌딩,서울특별시 강남구 개포동 167-3,서울특별시 강남구 선릉로 32,복합건축물,N,1341.33,0.0,N,N,N,강남소방서,19880222.0,N,3급대상,3,1,Y
[개황] 석일빌딩,석일빌딩,서울특별시 강남구 개포동 168-8,서울특별시 강남구 선릉로 42,근린생활시설,N,1463.42,0.0,N,N,N,강남소방서,19880421.0,N,2급대상,4,1,Y
[동별] 석일빌딩,석일빌딩,서울특별시 강남구 개포동 168-8,서울특별시 강남구 선릉로 42,근린생활시설,N,1463.42,0.0,N,N,N,강남소방서,19880421.0,N,2급대상,4,1,Y
[개황] 개포빌딩,개포빌딩,서울특별시 강남구 개포동 167-4,서울특별시 강남구 선릉로 30,복합건축물,N,3020.0,0.0,N,N,N,강남소방서,19880718.0,N,2급대상,4,1,Y
[동별] 개포빌딩,개포빌딩,서울특별시 강남구 개포동 167-4,서울특별시 강남구 선릉로 30,복합건축물,N,3020.0,0.0,N,N,N,강남소방서,19880718.0,N,2급대상,4,1,Y
[개황] 경기여자고등학교,경기여자고등학교,서울특별시 강남구 개포동 152,서울특별시 강남구 삼성로 29,교육연구시설,N,55919.38,0.0,Y,N,N,강남소방서,19880628.0,N,2급대상,5,1,Y
[동별] 경기여자고등학교,경기여자고등학교(교육연구시설),서울특별시 강남구 개포동 152,서울특별시 강남구 삼성로 29,교육연구시설,N,14334.62,0.0,N,N,N,강남소방서,19880628.0,N,2급대상,4,1,Y
[동별] 경기여자고등학교,강당동(교육연구시설),서울특별시 강남구 개포동 152,서울특별시 강남구 삼성로 29,교육연구시설,N,2188.19,0.0,N,N,N,강남소방서,19880628.0,N,2급대상,2,0,Y
[동별] 경기여자고등학교,체육관동(교육연구시설),서울특별시 강남구 개포동 152,서울특별시 강남구 삼성로 29,교육연구시설,N,3319.82,0.0,N,N,N,강남소방서,19880628.0,N,2급대상,2,1,Y
[동별] 경기여자고등학교,창고동(창고시설),서울특별시 강남구 개포동 152,서울특별시 강남구 삼성로 29,교육연구시설,N,180.0,0.0,N,N,N,강남소방서,19880628.0,N,2급대상,1,0,Y
[동별] 경기여자고등학교,생활관동(교육연구시설),서울특별시 강남구 개포동 152,서울특별시 강남구 삼성로 29,교육연구시설,N,1042.19,0.0,N,N,N,강남소방서,19880628.0,N,2급대상,3,0,Y
[동별] 경기여자고등학교,수위실동(제2종근린생활시설),서울특별시 강남구 개포동 152,서울특별시 강남구 삼성로 29,교육연구시설,N,15.63,0.0,N,N,N,강남소방서,19880628.0,N,2급대상,1,0,Y
[동별] 경기여자고등학교,100주년기념관(교육연구시설),서울특별시 강남구 개포동 152,서울특별시 강남구 삼성로 29,교육연구시설,N,6741.93,0.0,Y,N,N,강남소방서,19880628.0,N,2급대상,5,1,Y
[동별] 경기여자고등학교,교사동,서울특별시 강남구 개포동 152,서울특별시 강남구 삼성로 29,교육연구시설,N,28097.0,0.0,N,N,N,강남소방서,,N,2급대상,5,1,Y
[개황] 동진빌딩,동진빌딩,서울특별시 강남구 개포동 1258-2,서울특별시 강남구 개포로 225,근린생활시설,N,738.69,0.0,N,N,N,강남소방서,19880829.0,N,3급대상,4,1,Y
[동별] 동진빌딩,동진빌딩,서울특별시 강남구 개포동 1258-2,서울특별시 강남구 개포로 225,근린생활시설,N,738.69,0.0,N,N,N,강남소방서,19880829.0,N,3급대상,4,1,Y
[개황] 석주빌딩,석주빌딩,서울특별시 강남구 개포동 170,서울특별시 강남구 선릉로12길 5,업무시설,N,1600.44,0.0,N,N,N,강남소방서,19881201.0,N,3급대상,3,1,Y
[동별] 석주빌딩,석주빌딩,서울특별시 강남구 개포동 170,서울특별시 강남구 선릉로12길 5,업무시설,N,1600.44,0.0,N,N,N,강남소방서,19881201.0,N,3급대상,3,1,Y
[개황] 양전초등학교,양전초등학교,서울특별시 강남구 개포동 183,서울특별시 강남구 개포로 513,교육연구시설,N,7493.38,0.0,N,N,N,강남소방서,19960424.0,N,2급대상,4,1,Y
[동별] 양전초등학교,양전초등학교,서울특별시 강남구 개포동 183,서울특별시 강남구 개포로 513,교육연구시설,N,5595.4,0.0,N,N,N,강남소방서,19960424.0,N,2급대상,4,1,Y
[동별] 양전초등학교,양전초등학교 2동,서울특별시 강남구 개포동 183,서울특별시 강남구 개포로 513,교육연구시설,N,1897.98,0.0,N,N,N,강남소방서,,N,2급대상,2,0,Y
[개황] 반석빌딩,반석빌딩,서울특별시 강남구 개포동 1258-5,서울특별시 강남구 개포로 231,복합건축물,N,995.88,,N,N,N,강남소방서,19890406.0,N,3급대상,5,1,Y
[동별] 반석빌딩,한맥빌딩,서울특별시 강남구 개포동 1258-5,서울특별시 강남구 개포로 231,복합건축물,N,995.88,,N,N,N,강남소방서,19890406.0,N,3급대상,5,1,Y
[개황] 영신빌딩,영신빌딩,서울특별시 강남구 개포동 1238-8,서울특별시 강남구 개포로 218,공장,N,1176.05,0.0,N,N,N,강남소방서,19890614.0,N,3급대상,7,1,Y
[동별] 영신빌딩,영신빌딩,서울특별시 강남구 개포동 1238-8,서울특별시 강남구 개포로 218,업무시설,N,1176.05,0.0,N,N,N,강남소방서,19890614.0,N,3급대상,7,1,Y
[개황] 풍전빌딩,풍전빌딩,서울특별시 강남구 개포동 1238-9,서울특별시 강남구 개포로 220,복합건축물,N,1248.84,0.0,N,N,N,강남소방서,19890602.0,N,3급대상,7,1,Y
[동별] 풍전빌딩,풍전빌딩,서울특별시 강남구 개포동 1238-9,서울특별시 강남구 개포로 220,복합건축물,N,1248.84,0.0,N,N,N,강남소방서,19890602.0,N,3급대상,7,1,Y
[개황] 개포현대1차아파트상가,개포현대1차아파트상가,서울특별시 강남구 개포동 653,서울특별시 강남구 개포로 303,복합건축물,N,1911.0,0.0,N,N,N,강남소방서,19840420.0,N,2급대상,3,1,Y
[동별] 개포현대1차아파트상가,현대1차아파트상가,서울특별시 강남구 개포동 653,서울특별시 강남구 개포로 303,복합건축물,N,1911.0,0.0,N,N,N,강남소방서,19840420.0,N,2급대상,3,1,Y
[개황] 개포7단지상가,개포7단지상가,서울특별시 강남구 개포동 185,서울특별시 강남구 개포로 516,복합건축물,N,1152.18,0.0,N,N,N,강남소방서,19831026.0,N,3급대상,2,1,Y
[동별] 개포7단지상가,개포7단지상가,서울특별시 강남구 개포동 185,서울특별시 강남구 개포로 516,복합건축물,N,1152.18,0.0,N,N,N,강남소방서,19831026.0,N,3급대상,2,1,Y
[개황] 대일빌딩,대일빌딩,서울특별시 강남구 개포동 1164-1,서울특별시 강남구 논현로2길 8,근린생활시설,N,992.46,0.0,N,N,N,강남소방서,19900105.0,N,3급대상,5,1,Y
[동별] 대일빌딩,대일빌딩,서울특별시 강남구 개포동 1164-1,서울특별시 강남구 논현로2길 8,근린생활시설,N,992.46,0.0,N,N,N,강남소방서,19900105.0,N,3급대상,5,1,Y
[개황] 오생빌딩,오생빌딩,서울특별시 강남구 개포동 1231-4,서울특별시 강남구 개포로22길 10,복합건축물,N,1028.36,0.0,N,N,N,강남소방서,19890817.0,N,3급대상,4,1,Y
[동별] 오생빌딩,오생빌딩,서울특별시 강남구 개포동 1231-4,서울특별시 강남구 개포로22길 10,복합건축물,N,1028.36,0.0,N,N,N,강남소방서,19890817.0,N,3급대상,4,1,Y
[개황] 석인빌딩,석인빌딩,서울특별시 강남구 개포동 1238,서울특별시 강남구 개포로 202,복합건축물,N,952.8,0.0,N,N,N,강남소방서,19890831.0,N,3급대상,5,1,Y
[동별] 석인빌딩,석인빌딩,서울특별시 강남구 개포동 1238,서울특별시 강남구 개포로 202,복합건축물,N,952.8,0.0,N,N,N,강남소방서,19890831.0,N,3급대상,5,1,Y
[개황] 건우빌딩,건우빌딩,서울특별시 강남구 개포동 1259-5,서울특별시 강남구 개포로 245,복합건축물,N,1093.36,0.0,N,N,N,강남소방서,19891023.0,N,3급대상,6,1,Y
[동별] 건우빌딩,건우빌딩,서울특별시 강남구 개포동 1259-5,서울특별시 강남구 개포로 245,복합건축물,N,1093.36,0.0,N,N,N,강남소방서,19891023.0,N,3급대상,6,1,Y
[개황] 동산교회,동산교회,서울특별시 강남구 개포동 1262-9,서울특별시 강남구 개포로 257,종교시설,N,2490.2,0.0,N,N,N,강남소방서,19881224.0,N,2급대상,5,2,Y
[동별] 동산교회,동산교회,서울특별시 강남구 개포동 1262-9,서울특별시 강남구 개포로 257,종교시설,N,1118.25,0.0,N,N,N,강남소방서,19881224.0,N,2급대상,4,2,Y
[동별] 동산교회,동산교회B동,서울특별시 강남구 개포동 1262-9,서울특별시 강남구 개포로 257,종교시설,N,1371.95,0.0,N,N,N,강남소방서,19971210.0,N,2급대상,5,2,Y
[개황] 개포2차현대아파트(220동),개포2차현대아파트(220동),서울특별시 강남구 개포동 655-2,서울특별시 강남구 언주로 103,공동주택,Y,5321.05,54.0,N,N,N,강남소방서,19880902.0,N,2급대상,9,1,Y
[동별] 개포2차현대아파트(220동),잠실전화국조합개포현대아파트,서울특별시 강남구 개포동 655-2,서울특별시 강남구 언주로 103,공동주택,Y,5321.05,54.0,N,N,N,강남소방서,19880902.0,N,2급대상,9,1,Y
[개황] 구룡중학교,구룡중학교,서울특별시 강남구 개포동 650,서울특별시 강남구 선릉로 103,교육연구시설,N,10946.6,0.0,N,N,N,강남소방서,19960424.0,N,2급대상,4,1,Y
[동별] 구룡중학교,구룡중학교,서울특별시 강남구 개포동 650,서울특별시 강남구 선릉로 103,교육연구시설,N,8546.6,0.0,N,N,N,강남소방서,19960404.0,N,2급대상,4,1,Y
[동별] 구룡중학교,구룡중학교 2동,서울특별시 강남구 개포동 650,서울특별시 강남구 선릉로 103,교육연구시설,N,2400.0,0.0,N,N,N,강남소방서,19960404.0,N,2급대상,4,1,Y
[개황] 동림빌딩,동림빌딩,서울특별시 강남구 개포동 1212-1,서울특별시 강남구 개포로 246,복합건축물,N,1199.67,0.0,N,N,N,강남소방서,19891117.0,N,3급대상,6,1,Y
[동별] 동림빌딩,동림빌딩,서울특별시 강남구 개포동 1212-1,서울특별시 강남구 개포로 246,복합건축물,N,1199.67,0.0,N,N,N,강남소방서,19891117.0,N,3급대상,6,1,Y
[개황] 덕흥빌딩,덕흥빌딩,서울특별시 강남구 개포동 1239-15,서울특별시 강남구 논현로 102,근린생활시설,N,1327.35,0.0,N,N,N,강남소방서,19891124.0,N,3급대상,6,1,Y
[동별] 덕흥빌딩,덕흥빌딩,서울특별시 강남구 개포동 1239-15,서울특별시 강남구 논현로 102,근린생활시설,N,1327.35,0.0,N,N,N,강남소방서,19891124.0,N,3급대상,6,1,Y
[개황] 천웅빌딩,천웅빌딩,서울특별시 강남구 개포동 1237-11,서울특별시 강남구 개포로20길 8,복합건축물,N,1027.3,0.0,N,N,N,강남소방서,19891214.0,N,3급대상,5,1,Y
[동별] 천웅빌딩,천웅빌딩,서울특별시 강남구 개포동 1237-11,서울특별시 강남구 개포로20길 8,복합건축물,N,1027.3,0.0,N,N,N,강남소방서,19891214.0,N,3급대상,5,1,Y
[개황] 한영빌딩,한영빌딩,서울특별시 강남구 개포동 1194,서울특별시 강남구 논현로 50,복합건축물,N,983.95,,N,N,N,강남소방서,19891230.0,N,3급대상,5,1,Y
[동별] 한영빌딩,한영빌딩,서울특별시 강남구 개포동 1194,서울특별시 강남구 논현로 50,복합건축물,N,983.95,,N,N,N,강남소방서,19891230.0,N,3급대상,5,1,Y
[개황] 동흥빌딩,동흥빌딩,서울특별시 강남구 개포동 1245,서울특별시 강남구 개포로15길 8,복합건축물,N,1336.57,0.0,N,N,N,강남소방서,19900118.0,N,3급대상,5,1,Y
[동별] 동흥빌딩,동흥빌딩,서울특별시 강남구 개포동 1245,서울특별시 강남구 개포로15길 8,복합건축물,N,1336.57,0.0,N,N,N,강남소방서,19900118.0,N,3급대상,5,1,Y
[개황] 양지빌딩(왓츠피데),양지빌딩(왓츠피데),서울특별시 강남구 개포동 1245-12,서울특별시 강남구 개포로15길 6,복합건축물,N,812.37,,N,N,N,강남소방서,19900117.0,N,3급대상,5,1,Y
[동별] 양지빌딩(왓츠피데),양지빌딩,서울특별시 강남구 개포동 1245-12,서울특별시 강남구 개포로15길 6,복합건축물,N,812.37,,N,N,N,강남소방서,19900117.0,N,3급대상,5,1,Y
[개황] 오진양행,오진양행,서울특별시 강남구 개포동 1164-18,서울특별시 강남구 논현로2길 46,업무시설,N,1008.32,0.0,N,N,N,강남소방서,19900501.0,N,3급대상,5,1,Y
[동별] 오진양행,동화빌딩,서울특별시 강남구 개포동 1164-18,서울특별시 강남구 논현로2길 46,업무시설,N,1008.32,0.0,N,N,N,강남소방서,19900501.0,N,3급대상,5,1,Y
[개황] 전국여전도회관,전국여전도회관,서울특별시 강남구 개포동 1239-16,서울특별시 강남구 논현로 100,업무시설,N,1865.56,0.0,N,N,N,강남소방서,19900510.0,N,3급대상,5,1,Y
[동별] 전국여전도회관,여성선교원,서울특별시 강남구 개포동 1239-16,서울특별시 강남구 논현로 100,업무시설,N,1865.56,0.0,N,N,N,강남소방서,19900510.0,N,3급대상,5,1,Y
[개황] SH빌딩,SH빌딩,서울특별시 강남구 개포동 1183-5,서울특별시 강남구 개포로22길 100,복합건축물,N,1047.94,0.0,N,N,N,강남소방서,19900716.0,N,3급대상,6,1,Y
[동별] SH빌딩,은상빌딩,서울특별시 강남구 개포동 1183-5,서울특별시 강남구 개포로22길 100,복합건축물,N,1047.94,0.0,N,N,N,강남소방서,19900716.0,N,3급대상,6,1,Y
[개황] 포이초등학교,포이초등학교,서울특별시 강남구 개포동 1273,서울특별시 강남구 개포로22길 87,교육연구시설,N,21185.53,0.0,Y,N,N,강남소방서,19960424.0,N,2급대상,5,1,Y
[동별] 포이초등학교,포이초등학교본관동,서울특별시 강남구 개포동 1273,서울특별시 강남구 개포로22길 87,교육연구시설,N,8695.49,0.0,N,N,N,강남소방서,19960424.0,N,2급대상,5,1,Y
[동별] 포이초등학교,교육문화회관동,서울특별시 강남구 개포동 1273,서울특별시 강남구 개포로22길 87,교육연구시설,N,12490.04,0.0,Y,N,N,강남소방서,20050818.0,N,2급대상,3,1,Y
[개황] 대한적십자사 남부혈액원,대한적십자사 남부혈액원,서울특별시 강남구 개포동 1267,서울특별시 강남구 개포로31길 48,업무시설,N,3788.86,0.0,N,N,N,강남소방서,19901017.0,N,2급대상,4,1,Y
[동별] 대한적십자사 남부혈액원,남부적십자혈액원,서울특별시 강남구 개포동 1267,서울특별시 강남구 개포로31길 48,업무시설,N,3788.86,0.0,N,N,N,강남소방서,19901017.0,N,2급대상,4,1,Y
[개황] 대산빌딩,대산빌딩,서울특별시 강남구 개포동 1215,서울특별시 강남구 개포로28길 4,업무시설,N,1411.02,0.0,N,N,N,강남소방서,19900926.0,N,3급대상,4,1,Y
[동별] 대산빌딩,대산빌딩,서울특별시 강남구 개포동 1215,서울특별시 강남구 개포로28길 4,업무시설,N,1411.02,0.0,N,N,N,강남소방서,19900926.0,N,3급대상,4,1,Y
[개황] 케이엔에스빌딩(구.장원빌딩),케이엔에스빌딩(구.장원빌딩),서울특별시 강남구 개포동 1260,서울특별시 강남구 개포로25길 8,복합건축물,N,921.17,,Y,N,N,강남소방서,19911202.0,N,3급대상,6,1,Y
[동별] 케이엔에스빌딩(구.장원빌딩),장원빌딩,서울특별시 강남구 개포동 1260,서울특별시 강남구 개포로25길 8,복합건축물,N,921.17,,Y,N,N,강남소방서,19911202.0,N,3급대상,6,1,Y
[개황] 세화빌딩,세화빌딩,서울특별시 강남구 개포동 1164-24,서울특별시 강남구 논현로2길 60,복합건축물,N,1341.16,0.0,N,N,N,강남소방서,19901211.0,N,3급대상,7,1,Y
[동별] 세화빌딩,세화빌딩,서울특별시 강남구 개포동 1164-24,서울특별시 강남구 논현로2길 60,복합건축물,N,1341.16,0.0,N,N,N,강남소방서,19901211.0,N,3급대상,7,1,Y
[개황] 유정빌딩,유정빌딩,서울특별시 강남구 개포동 1183-2,서울특별시 강남구 개포로22길 94,복합건축물,N,1021.58,0.0,N,N,N,강남소방서,19901123.0,N,3급대상,5,1,Y
[동별] 유정빌딩,유정빌딩,서울특별시 강남구 개포동 1183-2,서울특별시 강남구 개포로22길 94,복합건축물,N,1021.58,0.0,N,N,N,강남소방서,19901123.0,N,3급대상,5,1,Y
[개황] 희영빌딩,희영빌딩,서울특별시 강남구 개포동 1217-2,서울특별시 강남구 개포로 232,복합건축물,N,1135.45,0.0,N,N,N,강남소방서,19901130.0,N,3급대상,6,1,Y
[동별] 희영빌딩,희영빌딩,서울특별시 강남구 개포동 1217-2,서울특별시 강남구 개포로 232,복합건축물,N,1135.45,0.0,N,N,N,강남소방서,19901130.0,N,3급대상,6,1,Y
[개황] 선만빌딩,선만빌딩,서울특별시 강남구 개포동 1231-23,서울특별시 강남구 개포로20길 5,복합건축물,N,938.0,,N,N,N,강남소방서,19900712.0,N,3급대상,4,1,Y
[동별] 선만빌딩,선만빌딩,서울특별시 강남구 개포동 1231-23,서울특별시 강남구 개포로20길 5,복합건축물,N,938.0,,N,N,N,강남소방서,19900712.0,N,3급대상,4,1,Y
[개황] 용현빌딩,용현빌딩,서울특별시 강남구 개포동 1257-7,서울특별시 강남구 개포로25길 3-4,근린생활시설,N,730.23,0.0,N,N,N,강남소방서,19901121.0,N,3급대상,5,1,Y
[동별] 용현빌딩,김용목건물,서울특별시 강남구 개포동 1257-7,서울특별시 강남구 개포로25길 3-4,근린생활시설,N,730.23,0.0,N,N,N,강남소방서,19901121.0,N,3급대상,5,1,Y
[개황] 둥지빌딩,둥지빌딩,서울특별시 강남구 개포동 1219,서울특별시 강남구 논현로16길 30,복합건축물,N,1044.02,0.0,N,N,N,강남소방서,19910115.0,N,3급대상,6,1,Y
[동별] 둥지빌딩,둥지빌딩,서울특별시 강남구 개포동 1219,서울특별시 강남구 논현로16길 30,복합건축물,N,1044.02,0.0,N,N,N,강남소방서,19910115.0,N,3급대상,6,1,Y
[개황] 퍼시픽빌딩,퍼시픽빌딩,서울특별시 강남구 개포동 1191,서울특별시 강남구 논현로 26,복합건축물,N,1040.4,0.0,N,N,N,강남소방서,19901227.0,N,3급대상,6,1,Y
[동별] 퍼시픽빌딩,퍼시픽빌딩,서울특별시 강남구 개포동 1191,서울특별시 강남구 논현로 26,복합건축물,N,1040.4,0.0,N,N,N,강남소방서,19901227.0,N,3급대상,6,1,Y
[개황] 우성9차아파트상가,우성9차아파트상가,서울특별시 강남구 개포동 651-1,서울특별시 강남구 개포로 311,근린생활시설,N,1037.37,0.0,Y,N,N,강남소방서,19910225.0,N,2급대상,1,1,Y
[동별] 우성9차아파트상가,우성9차아파트상가,서울특별시 강남구 개포동 651-1,서울특별시 강남구 개포로 311,근린생활시설,N,1037.37,0.0,Y,N,N,강남소방서,19910225.0,N,2급대상,1,1,Y
[개황] 삼봉빌딩,삼봉빌딩,서울특별시 강남구 개포동 1258-3,서울특별시 강남구 개포로 227,복합건축물,N,1170.4,0.0,N,N,N,강남소방서,19910121.0,N,3급대상,6,1,Y
[동별] 삼봉빌딩,삼봉빌딩,서울특별시 강남구 개포동 1258-3,서울특별시 강남구 개포로 227,복합건축물,N,1170.4,0.0,N,N,N,강남소방서,19910121.0,N,3급대상,6,1,Y
[개황] 제일빌딩,제일빌딩,서울특별시 강남구 개포동 1188-1,서울특별시 강남구 논현로8길 14,복합건축물,N,1090.16,0.0,N,N,N,강남소방서,19910101.0,N,3급대상,6,1,Y
[동별] 제일빌딩,제일빌딩,서울특별시 강남구 개포동 1188-1,서울특별시 강남구 논현로8길 14,복합건축물,N,1090.16,0.0,N,N,N,강남소방서,19910121.0,N,3급대상,6,1,Y
[개황] 준빌딩,준빌딩,서울특별시 강남구 개포동 1231,서울특별시 강남구 개포로 224,복합건축물,N,2679.59,0.0,Y,N,N,강남소방서,19910205.0,N,2급대상,6,2,Y
[동별] 준빌딩,준빌딩,서울특별시 강남구 개포동 1231,서울특별시 강남구 개포로 224,복합건축물,N,2679.59,0.0,Y,N,N,강남소방서,19910205.0,N,2급대상,6,2,Y
[개황] 흥진(구.한성)빌딩,흥진(구.한성)빌딩,서울특별시 강남구 개포동 1259-4,서울특별시 강남구 개포로 243,복합건축물,N,1048.6,0.0,N,N,N,강남소방서,19910312.0,N,3급대상,6,1,Y
[동별] 흥진(구.한성)빌딩,흥진빌딩,서울특별시 강남구 개포동 1259-4,서울특별시 강남구 개포로 243,복합건축물,N,1048.6,0.0,N,N,N,강남소방서,19910312.0,N,3급대상,6,1,Y
[개황] 경빌딩,경빌딩,서울특별시 강남구 개포동 172-11,서울특별시 강남구 선릉로 50,복합건축물,N,993.2,,N,N,N,강남소방서,19910408.0,N,3급대상,6,1,Y
[동별] 경빌딩,경빌딩,서울특별시 강남구 개포동 172-11,서울특별시 강남구 선릉로 50,복합건축물,N,993.2,,N,N,N,강남소방서,19910408.0,N,3급대상,6,1,Y
[개황] 유림빌딩,유림빌딩,서울특별시 강남구 개포동 1258-6,서울특별시 강남구 개포로 233,복합건축물,N,1164.52,0.0,N,N,N,강남소방서,19910710.0,N,3급대상,7,1,Y
[동별] 유림빌딩,유림빌딩,서울특별시 강남구 개포동 1258-6,서울특별시 강남구 개포로 233,복합건축물,N,1164.52,0.0,N,N,N,강남소방서,19910710.0,N,3급대상,7,1,Y
[개황] 형제빌딩,형제빌딩,서울특별시 강남구 개포동 1261,서울특별시 강남구 개포로25길 12,복합건축물,N,2246.86,0.0,N,N,N,강남소방서,19910308.0,N,2급대상,5,1,Y
[동별] 형제빌딩,형제빌딩,서울특별시 강남구 개포동 1261,서울특별시 강남구 개포로25길 12,복합건축물,N,2246.86,0.0,N,N,N,강남소방서,19910308.0,N,2급대상,5,1,Y
[개황] 큰사랑요양병원,큰사랑요양병원,서울특별시 강남구 개포동 1164-10,서울특별시 강남구 논현로2길 30,의료시설,N,2916.45,0.0,Y,N,N,강남소방서,19910409.0,N,2급대상,6,2,Y
[동별] 큰사랑요양병원,큰사랑요양병원,서울특별시 강남구 개포동 1164-10,서울특별시 강남구 논현로2길 30,의료시설,N,2916.45,0.0,Y,N,N,강남소방서,19910409.0,N,2급대상,6,2,Y
[개황] 대경바스컴,대경바스컴,서울특별시 강남구 개포동 1164-15,서울특별시 강남구 논현로2길 40,근린생활시설,N,2736.66,0.0,N,N,N,강남소방서,19910531.0,N,2급대상,5,1,Y
[동별] 대경바스컴,1,서울특별시 강남구 개포동 1164-15,서울특별시 강남구 논현로2길 40,근린생활시설,N,2736.66,0.0,N,N,N,강남소방서,19910531.0,N,2급대상,5,1,Y
[개황] 해영빌딩(이기범),해영빌딩(이기범),서울특별시 강남구 개포동 1217-6,서울특별시 강남구 개포로 240,근린생활시설,N,1198.5,0.0,N,N,N,강남소방서,19911224.0,N,3급대상,6,1,Y
[동별] 해영빌딩(이기범),해영빌딩,서울특별시 강남구 개포동 1217-6,서울특별시 강남구 개포로 240,근린생활시설,N,1198.5,0.0,N,N,N,강남소방서,19911224.0,N,3급대상,6,1,Y
[개황] 우덕빌딩,우덕빌딩,서울특별시 강남구 개포동 1258-1,서울특별시 강남구 개포로 223,근린생활시설,N,1257.61,0.0,N,N,N,강남소방서,19910510.0,N,3급대상,6,1,Y
[동별] 우덕빌딩,우덕빌딩,서울특별시 강남구 개포동 1258-1,서울특별시 강남구 개포로 223,근린생활시설,N,1257.61,0.0,N,N,N,강남소방서,19910510.0,N,3급대상,6,1,Y
[개황] 백암빌딩,백암빌딩,서울특별시 강남구 개포동 1239-20,서울특별시 강남구 개포로 207,업무시설,N,1563.4,0.0,N,N,N,강남소방서,19910530.0,N,3급대상,6,2,Y
[동별] 백암빌딩,백암빌딩,서울특별시 강남구 개포동 1239-20,서울특별시 강남구 개포로 207,업무시설,N,1563.4,0.0,N,N,N,강남소방서,19910530.0,N,3급대상,6,2,Y
[개황] 광림빌딩,광림빌딩,서울특별시 강남구 개포동 1218-3,서울특별시 강남구 개포로22길 15,업무시설,N,1989.13,0.0,N,N,N,강남소방서,19910529.0,N,3급대상,5,2,Y
[동별] 광림빌딩,광림빌딩,서울특별시 강남구 개포동 1218-3,서울특별시 강남구 개포로22길 15,업무시설,N,1989.13,0.0,N,N,N,강남소방서,19910529.0,N,3급대상,5,2,Y
[개황] 바이오페이스(인바디빌딩),바이오페이스(인바디빌딩),서울특별시 강남구 개포동 1164-21,서울특별시 강남구 논현로2길 54,업무시설,N,4542.92,0.0,Y,N,N,강남소방서,19910710.0,N,3급대상,7,2,Y
[동별] 바이오페이스(인바디빌딩),두림빌딩,서울특별시 강남구 개포동 1164-21,서울특별시 강남구 논현로2길 54,업무시설,N,4542.92,0.0,Y,N,N,강남소방서,19910710.0,N,3급대상,7,2,Y
[개황] 경호빌딩,경호빌딩,서울특별시 강남구 개포동 1189,서울특별시 강남구 논현로8길 32-19,복합건축물,N,895.81,2.0,N,N,N,강남소방서,19911115.0,N,3급대상,6,1,Y
[동별] 경호빌딩,영은빌딩(김태술건물),서울특별시 강남구 개포동 1189,서울특별시 강남구 논현로8길 32-19,복합건축물,N,895.81,2.0,N,N,N,강남소방서,19911115.0,N,3급대상,6,1,Y
[개황] 개포3빌딩,개포3빌딩,서울특별시 강남구 개포동 1260-14,서울특별시 강남구 개포로31길 3-12,복합건축물,N,1002.25,0.0,N,N,N,강남소방서,19910812.0,N,3급대상,3,1,Y
[동별] 개포3빌딩,포이제2빌딩,서울특별시 강남구 개포동 1260-14,서울특별시 강남구 개포로31길 3-12,복합건축물,N,1002.25,0.0,N,N,N,강남소방서,19910812.0,N,3급대상,3,1,Y
[개황] 상화빌딩,상화빌딩,서울특별시 강남구 개포동 1232-3,서울특별시 강남구 개포로20길 20,복합건축물,N,1373.3,0.0,N,N,N,강남소방서,19910904.0,N,3급대상,6,1,Y
[동별] 상화빌딩,상화빌딩,서울특별시 강남구 개포동 1232-3,서울특별시 강남구 개포로20길 20,복합건축물,N,1373.3,0.0,N,N,N,강남소방서,19910904.0,N,3급대상,6,1,Y
[개황] 남강빌딩,남강빌딩,서울특별시 강남구 개포동 1259-8,서울특별시 강남구 개포로 251,복합건축물,N,774.69,,N,N,N,강남소방서,19910920.0,N,3급대상,5,1,Y
[동별] 남강빌딩,남강빌딩,서울특별시 강남구 개포동 1259-8,서울특별시 강남구 개포로 251,복합건축물,N,774.69,,N,N,N,강남소방서,19910920.0,N,3급대상,5,1,Y
[개황] 개포1빌딩,개포1빌딩,서울특별시 강남구 개포동 1163-2,서울특별시 강남구 논현로 12,위험물저장및처리시설,N,1125.96,0.0,N,N,N,강남소방서,19910920.0,N,3급대상,2,1,Y
[동별] 개포1빌딩,영화빌딩,서울특별시 강남구 개포동 1163-2,서울특별시 강남구 논현로 12,위험물저장및처리시설,N,1125.96,0.0,N,N,N,강남소방서,19910920.0,N,3급대상,2,1,Y
[개황] 우영빌딩,우영빌딩,서울특별시 강남구 개포동 1219-5,서울특별시 강남구 개포로22길 40,복합건축물,N,1144.47,0.0,N,N,N,강남소방서,19911009.0,N,3급대상,6,1,Y
[동별] 우영빌딩,우영빌딩,서울특별시 강남구 개포동 1219-5,서울특별시 강남구 개포로22길 40,복합건축물,N,1144.47,0.0,N,N,N,강남소방서,19911009.0,N,3급대상,6,1,Y
[개황] 초원교회(초원유치원),초원교회(초원유치원),서울특별시 강남구 개포동 1222-6,서울특별시 강남구 논현로14길 17,종교시설,N,1961.87,0.0,Y,N,N,강남소방서,19910119.0,N,2급대상,2,2,Y
[동별] 초원교회(초원유치원),초원교회(초원유치원),서울특별시 강남구 개포동 1222-6,서울특별시 강남구 논현로14길 17,종교시설,N,1961.87,0.0,Y,N,N,강남소방서,19910119.0,N,2급대상,2,2,Y
[개황] 서원빌딩,서원빌딩,서울특별시 강남구 개포동 1209-18,서울특별시 강남구 개포로32길 7,교육연구시설,N,1279.7,0.0,N,N,N,강남소방서,19911031.0,N,3급대상,5,2,Y
[동별] 서원빌딩,서원빌딩,서울특별시 강남구 개포동 1209-18,서울특별시 강남구 개포로32길 7,교육연구시설,N,1279.7,0.0,N,N,N,강남소방서,19911031.0,N,3급대상,5,2,Y
[개황] 삼경빌딩,삼경빌딩,서울특별시 강남구 개포동 1192-2,서울특별시 강남구 논현로10길 6,업무시설,N,1074.41,0.0,N,N,N,강남소방서,19911212.0,N,3급대상,7,1,Y
[동별] 삼경빌딩,삼경빌딩,서울특별시 강남구 개포동 1192-2,서울특별시 강남구 논현로10길 6,업무시설,N,1074.41,0.0,N,N,N,강남소방서,19911212.0,N,3급대상,7,1,Y
[개황] 내외빌딩,내외빌딩,서울특별시 강남구 개포동 1243-8,서울특별시 강남구 개포로15길 34,복합건축물,N,1308.66,0.0,N,N,N,강남소방서,19911105.0,N,3급대상,6,1,Y
[동별] 내외빌딩,내외빌딩,서울특별시 강남구 개포동 1243-8,서울특별시 강남구 개포로15길 34,복합건축물,N,1308.66,0.0,N,N,N,강남소방서,19911105.0,N,3급대상,6,1,Y
[개황] 위드21,위드21,서울특별시 강남구 개포동 1244-5,서울특별시 강남구 개포로17길 13-5,근린생활시설,N,1086.12,0.0,Y,N,N,강남소방서,19920306.0,N,3급대상,6,2,Y
[동별] 위드21,신풍빌딩,서울특별시 강남구 개포동 1244-5,서울특별시 강남구 개포로17길 13-5,근린생활시설,N,1086.12,0.0,Y,N,N,강남소방서,19920306.0,N,3급대상,6,2,Y
[개황] 대치1단지상가,대치1단지상가,서울특별시 강남구 개포동  12,서울특별시 강남구 개포로109길 5,복합건축물,N,2443.94,0.0,N,N,N,강남소방서,19921011.0,N,2급대상,3,1,Y
[동별] 대치1단지상가,대치1단지상가,서울특별시 강남구 개포동 12,서울특별시 강남구 개포로109길 5,복합건축물,N,2443.94,0.0,N,N,N,강남소방서,19921014.0,N,2급대상,3,1,Y
[개황] 강남종합사회복지관(석탑프라자),강남종합사회복지관(석탑프라자),서울특별시 강남구 개포동 12,서울특별시 강남구 개포로109길 5,노유자시설,N,2131.66,0.0,Y,N,N,강남소방서,19911120.0,N,2급대상,3,1,Y
[동별] 강남종합사회복지관(석탑프라자),강남사회복지관,서울특별시 강남구 개포동 12,서울특별시 강남구 개포로109길 5,노유자시설,N,2131.66,0.0,Y,N,N,강남소방서,19911120.0,N,2급대상,3,1,Y
[개황] 대치1단지아파트,대치1단지아파트,서울특별시 강남구 개포동  12,서울특별시 강남구 개포로109길 5,공동주택,Y,66191.0,1619.0,N,N,N,강남소방서,19921120.0,N,2급대상,15,1,Y
[동별] 대치1단지아파트,대치1단지 101동,서울특별시 강남구 개포동 12,서울특별시 강남구 개포로109길 5,공동주택,Y,11667.0,327.0,N,N,N,강남소방서,19911120.0,N,2급대상,15,1,Y
[동별] 대치1단지아파트,대치1단지 102동,서울특별시 강남구 개포동 12,서울특별시 강남구 개포로109길 5,공동주택,Y,5501.0,119.0,N,N,N,강남소방서,19911120.0,N,2급대상,15,1,Y
[동별] 대치1단지아파트,대치1단지 103동,서울특별시 강남구 개포동 12,서울특별시 강남구 개포로109길 5,공동주택,Y,9680.0,262.0,N,N,N,강남소방서,19911120.0,N,2급대상,15,1,Y
[동별] 대치1단지아파트,대치1단지 104동,서울특별시 강남구 개포동 12,서울특별시 강남구 개포로109길 5,공동주택,Y,6471.0,116.0,N,N,N,강남소방서,19911120.0,N,2급대상,15,1,Y
[동별] 대치1단지아파트,대치1단지 105동,서울특별시 강남구 개포동 12,서울특별시 강남구 개포로109길 5,공동주택,Y,6752.0,149.0,N,N,N,강남소방서,19921120.0,N,2급대상,15,1,Y
[동별] 대치1단지아파트,대치1단지 106동,서울특별시 강남구 개포동 12,서울특별시 강남구 개포로109길 5,공동주택,Y,9752.0,263.0,N,N,N,강남소방서,19911120.0,N,2급대상,15,1,Y
[동별] 대치1단지아파트,대치1단지 107동,서울특별시 강남구 개포동 12,서울특별시 강남구 개포로109길 5,공동주택,Y,9752.0,264.0,N,N,N,강남소방서,19911120.0,N,2급대상,15,1,Y
[동별] 대치1단지아파트,대치1단지 108동,서울특별시 강남구 개포동 12,서울특별시 강남구 개포로109길 5,공동주택,Y,6616.0,119.0,N,N,N,강남소방서,19911120.0,N,2급대상,15,1,Y
[개황] 대양빌딩,대양빌딩,서울특별시 강남구 개포동 1183-15,서울특별시 강남구 논현로8길 59,복합건축물,N,1220.98,0.0,N,N,N,강남소방서,19911009.0,N,3급대상,5,1,Y
[동별] 대양빌딩,대양빌딩,서울특별시 강남구 개포동 1183-15,서울특별시 강남구 논현로8길 59,복합건축물,N,1220.98,0.0,N,N,N,강남소방서,19921009.0,N,3급대상,5,1,Y
[개황] 성산빌딩,성산빌딩,서울특별시 강남구 개포동 1231-5,서울특별시 강남구 개포로22길 12,복합건축물,N,1091.45,0.0,N,N,N,강남소방서,19911214.0,N,3급대상,7,1,Y
[동별] 성산빌딩,문정빌딩성산빌딩,서울특별시 강남구 개포동 1231-5,서울특별시 강남구 개포로22길 12,복합건축물,N,1091.45,0.0,N,N,N,강남소방서,19911214.0,N,3급대상,7,1,Y
[개황] 우신빌딩,우신빌딩,서울특별시 강남구 개포동 1194-3,서울특별시 강남구 논현로 44,복합건축물,N,1165.57,0.0,N,N,N,강남소방서,19911230.0,N,3급대상,6,1,Y
[동별] 우신빌딩,우신빌딩,서울특별시 강남구 개포동 1194-3,서울특별시 강남구 논현로 44,복합건축물,N,1165.57,0.0,N,N,N,강남소방서,19911230.0,N,3급대상,6,1,Y
[개황] 동진건물,동진건물,서울특별시 강남구 개포동 1228-3,서울특별시 강남구 논현로 58,근린생활시설,N,929.0,0.0,N,N,N,강남소방서,19911217.0,N,3급대상,5,1,Y
[동별] 동진건물,동진빌딩,서울특별시 강남구 개포동 1228-3,서울특별시 강남구 논현로 58,근린생활시설,N,929.0,0.0,N,N,N,강남소방서,19911217.0,N,3급대상,5,1,Y
[개황] 강호빌딩,강호빌딩,서울특별시 강남구 개포동 1186-1,서울특별시 강남구 논현로8길 30,복합건축물,N,1090.02,0.0,N,N,N,강남소방서,19920319.0,N,3급대상,5,1,Y
[동별] 강호빌딩,강호빌딩,서울특별시 강남구 개포동 1186-1,서울특별시 강남구 논현로8길 30,복합건축물,N,1090.02,0.0,N,N,N,강남소방서,19920319.0,N,3급대상,5,1,Y
[개황] 채널빌딩,채널빌딩,서울특별시 강남구 개포동 1206-4,서울특별시 강남구 개포로28길 24,복합건축물,N,888.72,,N,N,N,강남소방서,19920331.0,N,3급대상,6,1,Y
[동별] 채널빌딩,채널빌딩,서울특별시 강남구 개포동 1206-4,서울특별시 강남구 개포로28길 24,복합건축물,N,888.72,,N,N,N,강남소방서,19930331.0,N,3급대상,6,1,Y
[개황] 양재빌딩,양재빌딩,서울특별시 강남구 개포동 1239-19,서울특별시 강남구 개포로 205,근린생활시설,N,1156.0,0.0,N,N,N,강남소방서,19920307.0,N,3급대상,7,1,Y
[동별] 양재빌딩,양재빌딩,서울특별시 강남구 개포동 1239-19,서울특별시 강남구 개포로 205,근린생활시설,N,1156.0,0.0,N,N,N,강남소방서,19920307.0,N,3급대상,7,1,Y
[개황] 국립국악중고등학교,국립국악중고등학교,서울특별시 강남구 개포동 1272,서울특별시 강남구 개포로22길 65,교육연구시설,N,27343.37,0.0,Y,N,Y,강남소방서,19920311.0,N,2급대상,5,1,Y
[동별] 국립국악중고등학교,국악중고등학교 본관동,서울특별시 강남구 개포동 1272,서울특별시 강남구 개포로22길 65,교육연구시설,N,13516.32,0.0,Y,N,N,강남소방서,19971217.0,N,2급대상,5,1,Y
[동별] 국립국악중고등학교,국악중고등학교 2교사동,서울특별시 강남구 개포동 1272,서울특별시 강남구 개포로22길 65,교육연구시설,N,4789.56,0.0,N,N,N,강남소방서,19920311.0,N,2급대상,5,1,Y
[동별] 국립국악중고등학교,국악중고등학교 기숙사동,서울특별시 강남구 개포동 1272,서울특별시 강남구 개포로22길 65,교육연구시설,N,3437.59,0.0,N,N,N,강남소방서,19920311.0,N,2급대상,4,0,Y
[동별] 국립국악중고등학교,종합예술관동,서울특별시 강남구 개포동 1272,서울특별시 강남구 개포로22길 65,교육연구시설,N,5599.9,0.0,Y,N,Y,강남소방서,,N,2급대상,4,1,Y
[개황] 혜정빌딩,혜정빌딩,서울특별시 강남구 개포동 1163-6,서울특별시 강남구 논현로 6,복합건축물,N,1109.0,0.0,N,N,N,강남소방서,19920522.0,N,3급대상,7,1,Y
[동별] 혜정빌딩,혜정빌딩,서울특별시 강남구 개포동 1163-6,서울특별시 강남구 논현로 6,복합건축물,N,1109.0,0.0,N,N,N,강남소방서,19920522.0,N,3급대상,7,1,Y
[개황] 신유빌딩,신유빌딩,서울특별시 강남구 개포동 1216,서울특별시 강남구 개포로26길 6,복합건축물,N,1107.83,0.0,N,N,N,강남소방서,19920408.0,N,3급대상,6,1,Y
[동별] 신유빌딩,신유빌딩,서울특별시 강남구 개포동 1216,서울특별시 강남구 개포로26길 6,복합건축물,N,1107.83,0.0,N,N,N,강남소방서,19920408.0,N,3급대상,6,1,Y
[개황] 창덕빌딩,창덕빌딩,서울특별시 강남구 개포동 1239-10,서울특별시 강남구 개포로15길 17,복합건축물,N,1991.28,0.0,N,N,N,강남소방서,19920520.0,N,3급대상,6,1,Y
[동별] 창덕빌딩,창덕빌딩,서울특별시 강남구 개포동 1239-10,서울특별시 강남구 개포로15길 17,복합건축물,N,1991.28,0.0,N,N,N,강남소방서,19920520.0,N,3급대상,6,1,Y
[개황] 선모빌딩,선모빌딩,서울특별시 강남구 개포동 1259-3,서울특별시 강남구 개포로 241,복합건축물,N,1215.29,0.0,N,N,N,강남소방서,19920613.0,N,3급대상,7,1,Y
[동별] 선모빌딩,선모빌딩 후암빌,서울특별시 강남구 개포동 1259-3,서울특별시 강남구 개포로 241,복합건축물,N,1215.29,0.0,N,N,N,강남소방서,19920613.0,N,3급대상,7,1,Y
[개황] 두이빌딩,두이빌딩,서울특별시 강남구 개포동 1196-2,서울특별시 강남구 논현로12길 19-3,복합건축물,N,1778.18,,N,N,N,강남소방서,19920323.0,N,3급대상,6,1,Y
[동별] 두이빌딩,두이빌딩,서울특별시 강남구 개포동 1196-2,서울특별시 강남구 논현로12길 19-3,복합건축물,N,1778.18,,N,N,N,강남소방서,19920323.0,N,3급대상,6,1,Y
[개황] 충의빌딩,충의빌딩,서울특별시 강남구 개포동 1238-4,서울특별시 강남구 개포로 210,복합건축물,N,1051.18,0.0,N,N,N,강남소방서,19920901.0,N,3급대상,6,1,Y
[동별] 충의빌딩,충의빌딩,서울특별시 강남구 개포동 1238-4,서울특별시 강남구 개포로 210,복합건축물,N,1051.18,0.0,N,N,N,강남소방서,19920917.0,N,3급대상,6,1,Y
[개황] 대청아파트(301동 대표동),대청아파트(301동 대표동),서울특별시 강남구 개포동 12,서울특별시 강남구 개포로109길 21,공동주택,Y,54181.24,822.0,N,N,N,강남소방서,19921014.0,N,2급대상,15,1,Y
[동별] 대청아파트(301동 대표동),대청아파트 301동,서울특별시 강남구 개포동 12,서울특별시 강남구 개포로109길 21,공동주택,Y,8788.66,161.0,N,N,N,강남소방서,19921014.0,N,2급대상,15,1,Y
[동별] 대청아파트(301동 대표동),대청아파트 302동,서울특별시 강남구 개포동 12,서울특별시 강남구 개포로109길 21,공동주택,Y,8778.66,161.0,N,N,N,강남소방서,19921014.0,N,2급대상,15,1,Y
[동별] 대청아파트(301동 대표동),대청아파트 303동,서울특별시 강남구 개포동 12,서울특별시 강남구 개포로109길 21,공동주택,Y,8919.27,131.0,N,N,N,강남소방서,19921014.0,N,2급대상,15,1,Y
[동별] 대청아파트(301동 대표동),대청아파트 304동,서울특별시 강남구 개포동 12,서울특별시 강남구 개포로109길 21,공동주택,Y,8969.43,131.0,N,N,N,강남소방서,19921014.0,N,2급대상,15,1,Y
[동별] 대청아파트(301동 대표동),대청아파트 305동,서울특별시 강남구 개포동 12,서울특별시 강남구 개포로109길 21,공동주택,Y,9362.61,119.0,N,N,N,강남소방서,19921014.0,N,2급대상,15,1,Y
[동별] 대청아파트(301동 대표동),대청아파트 306동,서울특별시 강남구 개포동 12,서울특별시 강남구 개포로109길 21,공동주택,Y,9362.61,119.0,N,N,N,강남소방서,19921014.0,N,2급대상,15,1,Y
[개황] 대진초등학교,대진초등학교,서울특별시 강남구 개포동 13,서울특별시 강남구 개포로109길 74,교육연구시설,N,5323.0,0.0,N,N,N,강남소방서,19971217.0,N,2급대상,4,1,Y
[동별] 대진초등학교,대진초등학교,서울특별시 강남구 개포동 13,서울특별시 강남구 개포로109길 74,교육연구시설,N,5323.0,0.0,N,N,N,강남소방서,19971217.0,N,2급대상,4,1,Y
[개황] 대성빌딩,대성빌딩,서울특별시 강남구 개포동 1236-10,서울특별시 강남구 논현로20길 4-35,복합건축물,N,877.62,5.0,N,N,N,강남소방서,19921230.0,N,3급대상,6,1,Y
[동별] 대성빌딩,대성빌딩,서울특별시 강남구 개포동 1236-10,서울특별시 강남구 논현로20길 4-35,복합건축물,N,877.62,5.0,N,N,N,강남소방서,19921230.0,N,3급대상,6,1,Y
[개황] 이삭빌딩,이삭빌딩,서울특별시 강남구 개포동 1228,서울특별시 강남구 논현로 64,복합건축물,N,1401.89,0.0,N,N,N,강남소방서,19921006.0,N,3급대상,6,2,Y
[동별] 이삭빌딩,삼우빌딩,서울특별시 강남구 개포동 1228,서울특별시 강남구 논현로 64,복합건축물,N,1401.89,0.0,N,N,N,강남소방서,19921006.0,N,3급대상,6,2,Y
[개황] 대치2단지아파트,대치2단지아파트,서울특별시 강남구 개포동 12,서울특별시 강남구 개포로109길 9,공동주택,Y,97017.41,1758.0,Y,N,N,강남소방서,19921014.0,N,2급대상,15,1,Y
[동별] 대치2단지아파트,대치2단지아파트 209동,서울특별시 강남구 개포동 12,서울특별시 강남구 개포로109길 9,공동주택,Y,10695.46,239.0,Y,N,N,강남소방서,19921014.0,N,2급대상,15,1,Y
[동별] 대치2단지아파트,대치2단지아파트 210동,서울특별시 강남구 개포동 12,서울특별시 강남구 개포로109길 9,공동주택,Y,6458.47,119.0,Y,N,N,강남소방서,19921014.0,N,2급대상,15,1,Y
[동별] 대치2단지아파트,대치2단지아파트 211동,서울특별시 강남구 개포동 12,서울특별시 강남구 개포로109길 9,공동주택,Y,8831.56,164.0,Y,N,N,강남소방서,19921014.0,N,2급대상,15,1,Y
[동별] 대치2단지아파트,대치2단지아파트 212동,서울특별시 강남구 개포동 12,서울특별시 강남구 개포로109길 9,공동주택,Y,6458.47,119.0,Y,N,N,강남소방서,19921014.0,N,2급대상,15,1,Y
[동별] 대치2단지아파트,대치2단지아파트 213동,서울특별시 강남구 개포동 12,서울특별시 강남구 개포로109길 9,공동주택,Y,8523.83,135.0,Y,N,N,강남소방서,19921014.0,N,2급대상,15,1,Y
[동별] 대치2단지아파트,대치2단지아파트 214동,서울특별시 강남구 개포동 12,서울특별시 강남구 개포로109길 9,공동주택,Y,6586.13,149.0,Y,N,N,강남소방서,19921014.0,N,2급대상,15,1,Y
[동별] 대치2단지아파트,대치2단지아파트 215동,서울특별시 강남구 개포동 12,서울특별시 강남구 개포로109길 9,공동주택,Y,6586.13,149.0,Y,N,N,강남소방서,19921014.0,N,2급대상,15,1,Y
[동별] 대치2단지아파트,대치2단지아파트 216동,서울특별시 강남구 개포동 12,서울특별시 강남구 개포로109길 9,공동주택,Y,13044.46,238.0,Y,N,N,강남소방서,19921014.0,N,2급대상,15,1,Y
[동별] 대치2단지아파트,대치2단지아파트 217동,서울특별시 강남구 개포동 12,서울특별시 강남구 개포로109길 9,공동주택,Y,7919.6,119.0,Y,N,N,강남소방서,19921014.0,N,2급대상,15,1,Y
[동별] 대치2단지아파트,대치2단지아파트 218동,서울특별시 강남구 개포동 12,서울특별시 강남구 개포로109길 9,공동주택,Y,7919.6,119.0,Y,N,N,강남소방서,19921014.0,N,2급대상,15,1,Y
[동별] 대치2단지아파트,대치2단지아파트 219동,서울특별시 강남구 개포동 12,서울특별시 강남구 개포로109길 9,공동주택,Y,13993.7,208.0,Y,N,N,강남소방서,19921014.0,N,2급대상,15,1,Y
[개황] 개포3동주민센터,개포3동주민센터,서울특별시 강남구 개포동 12-6,서울특별시 강남구 개포로 607,업무시설,N,1322.74,0.0,N,N,N,강남소방서,19921031.0,N,3급대상,3,1,Y
[동별] 개포3동주민센터,일원2동사무소,서울특별시 강남구 개포동 12-6,서울특별시 강남구 개포로 607,업무시설,N,1322.74,0.0,N,N,N,강남소방서,19921031.0,N,3급대상,3,1,Y
[개황] 대치2단지상가,대치2단지상가,서울특별시 강남구 개포동 12,서울특별시 강남구 개포로109길 9,복합건축물,N,3810.91,0.0,Y,Y,N,강남소방서,19921014.0,N,2급대상,3,1,Y
[동별] 대치2단지상가,대치2단지상가,서울특별시 강남구 개포동 12,서울특별시 강남구 개포로109길 9,복합건축물,N,3810.91,0.0,Y,Y,N,강남소방서,19921014.0,N,2급대상,3,1,Y
[개황] 하상장애인복지관,하상장애인복지관,서울특별시 강남구 개포동  12-5,서울특별시 강남구 개포로 613,노유자시설,N,3068.25,0.0,N,N,N,강남소방서,19921216.0,N,2급대상,3,1,Y
[동별] 하상장애인복지관,하상회관,서울특별시 강남구 개포동 12-5,서울특별시 강남구 개포로 613,노유자시설,N,3068.25,0.0,N,N,N,강남소방서,19921216.0,N,2급대상,3,1,Y
[개황] 개포동성당,개포동성당,서울특별시 강남구 개포동 157-1,서울특별시 강남구 선릉로4길 25,종교시설,N,9312.99,0.0,Y,Y,N,강남소방서,19921216.0,N,2급대상,4,3,Y
[동별] 개포동성당,개포동천주교회,서울특별시 강남구 개포동 157-1,서울특별시 강남구 선릉로4길 25,종교시설,N,9312.99,0.0,Y,Y,N,강남소방서,19921216.0,N,2급대상,4,3,Y
[개황] 광혜빌딩,광혜빌딩,서울특별시 강남구 개포동 1231-2,서울특별시 강남구 개포로22길 6,복합건축물,N,895.0,0.0,Y,N,N,강남소방서,19921202.0,N,3급대상,5,1,Y
[동별] 광혜빌딩,광혜빌딩,서울특별시 강남구 개포동 1231-2,서울특별시 강남구 개포로22길 6,복합건축물,N,895.0,0.0,Y,N,N,강남소방서,19921202.0,N,3급대상,5,1,Y
[개황] 선린빌딩,선린빌딩,서울특별시 강남구 개포동 1226,서울특별시 강남구 논현로16길 14,근린생활시설,N,1415.67,0.0,N,N,N,강남소방서,19930417.0,N,3급대상,5,2,Y
[동별] 선린빌딩,선린빌딩,서울특별시 강남구 개포동 1226,서울특별시 강남구 논현로16길 14,근린생활시설,N,1415.67,0.0,N,N,N,강남소방서,19930417.0,N,3급대상,5,2,Y
[개황] 개포변전소,개포변전소,서울특별시 강남구 개포동 971,서울특별시 강남구 양재대로 580,업무시설,N,2513.3,0.0,N,N,Y,강남소방서,19941229.0,N,2급대상,3,1,Y
[동별] 개포변전소,개포변전소,서울특별시 강남구 개포동 971,서울특별시 강남구 양재대로 580,업무시설,N,2513.3,0.0,N,N,Y,강남소방서,19941229.0,N,2급대상,3,1,Y
[개황] 선광빌딩,선광빌딩,서울특별시 강남구 개포동 1212-3,서울특별시 강남구 개포로 250,복합건축물,N,1074.0,6.0,N,N,N,강남소방서,19930402.0,N,3급대상,5,1,Y
[동별] 선광빌딩,선광빌딩,서울특별시 강남구 개포동 1212-3,서울특별시 강남구 개포로 250,복합건축물,N,1074.0,6.0,N,N,N,강남소방서,19930402.0,N,3급대상,5,1,Y
[개황] 동성빌딩,동성빌딩,서울특별시 강남구 개포동 1229-11,서울특별시 강남구 논현로 70,복합건축물,N,1253.0,0.0,N,N,N,강남소방서,19930512.0,N,3급대상,6,1,Y
[동별] 동성빌딩,동성빌딩,서울특별시 강남구 개포동 1229-11,서울특별시 강남구 논현로 70,복합건축물,N,1253.0,0.0,N,N,N,강남소방서,19930512.0,N,3급대상,6,1,Y
[개황] 우림빌딩,우림빌딩,서울특별시 강남구 개포동 1229-12,서울특별시 강남구 논현로 68,복합건축물,N,813.6,,N,N,N,강남소방서,19930517.0,N,3급대상,5,1,Y
[동별] 우림빌딩,우림빌딩,서울특별시 강남구 개포동 1229-12,서울특별시 강남구 논현로 68,복합건축물,N,813.6,,N,N,N,강남소방서,19930517.0,N,3급대상,5,1,Y
[개황] 유림빌딩(라운지),유림빌딩(라운지),서울특별시 강남구 개포동 1163-8,서울특별시 강남구 양재대로 333,복합건축물,N,1092.0,,N,N,N,강남소방서,19930608.0,N,3급대상,5,2,Y
[동별] 유림빌딩(라운지),유림빌딩,서울특별시 강남구 개포동 1163-8,서울특별시 강남구 양재대로 333,복합건축물,N,1092.0,,N,N,N,강남소방서,19930608.0,N,3급대상,5,2,Y
[개황] 우신빌딩(한빛빌딩),우신빌딩(한빛빌딩),서울특별시 강남구 개포동 1184-14,서울특별시 강남구 논현로8길 47,복합건축물,N,656.0,,N,N,N,강남소방서,19930918.0,N,3급대상,5,1,Y
[동별] 우신빌딩(한빛빌딩),한빛선교교회빌딩,서울특별시 강남구 개포동 1184-14,서울특별시 강남구 논현로8길 47,복합건축물,N,656.0,,N,N,N,강남소방서,19930918.0,N,3급대상,5,1,Y
[개황] 코인빌딩(구.더블유에스엘인터),코인빌딩(구.더블유에스엘인터),서울특별시 강남구 개포동 1229-9,서울특별시 강남구 논현로 74,복합건축물,N,1441.0,0.0,N,N,N,강남소방서,19930903.0,N,3급대상,6,2,Y
[동별] 코인빌딩(구.더블유에스엘인터),코인빌딩,서울특별시 강남구 개포동 1229-9,서울특별시 강남구 논현로 74,복합건축물,N,1441.0,0.0,N,N,N,강남소방서,19930903.0,N,3급대상,6,2,Y
[개황] 우창빌딩,우창빌딩,서울특별시 강남구 개포동 1218,서울특별시 강남구 개포로24길 6,복합건축물,N,1267.0,,N,N,N,강남소방서,19940121.0,N,3급대상,6,1,Y
[동별] 우창빌딩,우창빌딩,서울특별시 강남구 개포동 1218,서울특별시 강남구 개포로24길 6,복합건축물,N,1267.0,,N,N,N,강남소방서,19940121.0,N,3급대상,6,1,Y
[개황] 형지빌딩,형지빌딩,서울특별시 강남구 개포동 1242,서울특별시 강남구 개포로15길 32,업무시설,N,1807.0,0.0,N,N,N,강남소방서,19931019.0,N,3급대상,6,1,Y
[동별] 형지빌딩,샤트렌빌딩,서울특별시 강남구 개포동 1242,서울특별시 강남구 개포로15길 32,업무시설,N,1807.0,0.0,N,N,N,강남소방서,19931019.0,N,3급대상,6,1,Y
[개황] 개포현대아파트,개포현대아파트,서울특별시 강남구 개포동 172-3,서울특별시 강남구 선릉로18길 12,공동주택,Y,3730.0,18.0,Y,N,N,강남소방서,19940222.0,N,2급대상,9,1,Y
[동별] 개포현대아파트,현대빌라트,서울특별시 강남구 개포동 172-3,서울특별시 강남구 선릉로18길 12,공동주택,Y,3730.0,18.0,Y,N,N,강남소방서,19940222.0,N,2급대상,9,1,Y
[개황] 개포현대6차아파트(구.현대포이아파트),개포현대6차아파트(구.현대포이아파트),서울특별시 강남구 개포동 1242-2,서울특별시 강남구 개포로15길 32-8,공동주택,Y,3313.95,19.0,Y,N,N,강남소방서,19931217.0,N,2급대상,8,1,Y
[동별] 개포현대6차아파트(구.현대포이아파트),개포현대6차아파트 601동,서울특별시 강남구 개포동 1242-2,서울특별시 강남구 개포로15길 32-8,공동주택,Y,3313.95,19.0,Y,N,N,강남소방서,19931217.0,N,2급대상,8,1,Y
[개황] 조일빌딩,조일빌딩,서울특별시 강남구 개포동 1237-13,서울특별시 강남구 논현로18길 21,복합건축물,N,798.0,,N,N,N,강남소방서,19931116.0,N,3급대상,5,1,Y
[동별] 조일빌딩,장수빌딩,서울특별시 강남구 개포동 1237-13,서울특별시 강남구 논현로18길 21,복합건축물,N,798.0,,N,N,N,강남소방서,19931116.0,N,3급대상,5,1,Y
[개황] 강남구민체육관,강남구민체육관,서울특별시 강남구 개포동 1271,서울특별시 강남구 개포로28길 47,운동시설,N,2494.36,0.0,N,N,N,강남소방서,19931231.0,N,2급대상,3,1,Y
[동별] 강남구민체육관,강남구민체육관,서울특별시 강남구 개포동 1271,서울특별시 강남구 개포로28길 47,운동시설,N,2494.36,0.0,N,N,N,강남소방서,19931231.0,N,2급대상,3,1,Y
[개황] 개포실업빌딩 (구스피치학원(우정욱건물),개포실업빌딩 (구스피치학원(우정욱건물),서울특별시 강남구 개포동 160-9,서울특별시 강남구 선릉로6길 19,복합건축물,N,980.79,,N,N,N,강남소방서,19940224.0,N,3급대상,4,1,Y
[동별] 개포실업빌딩 (구스피치학원(우정욱건물),우정욱건물,서울특별시 강남구 개포동 160-9,서울특별시 강남구 선릉로6길 19,복합건축물,N,980.79,,N,N,N,강남소방서,19940224.0,N,3급대상,4,1,Y
[개황] 개포1230빌딩,개포1230빌딩,서울특별시 강남구 개포동 1230,서울특별시 강남구 논현로16길 11,업무시설,N,3142.82,0.0,Y,N,N,강남소방서,19940704.0,N,2급대상,5,2,Y
[동별] 개포1230빌딩,유덕빌딩,서울특별시 강남구 개포동 1230,서울특별시 강남구 논현로16길 11,업무시설,N,3142.82,0.0,Y,N,N,강남소방서,19940704.0,N,2급대상,5,2,Y
[개황] 이손빌딩,이손빌딩,서울특별시 강남구 개포동 1229-3,서울특별시 강남구 논현로 84,근린생활시설,N,1442.85,0.0,Y,N,N,강남소방서,19940707.0,N,3급대상,8,1,Y
[동별] 이손빌딩,(주)왓츠피데 건물,서울특별시 강남구 개포동 1229-3,서울특별시 강남구 논현로 84,근린생활시설,N,1442.85,0.0,Y,N,N,강남소방서,19940707.0,N,3급대상,8,1,Y
[개황] 아택플러스,아택플러스,서울특별시 강남구 개포동 1230-2,서울특별시 강남구 개포로20길 24-7,복합건축물,N,696.18,,N,N,N,강남소방서,19940817.0,N,3급대상,5,1,Y
[동별] 아택플러스,아택플러스,서울특별시 강남구 개포동 1230-2,서울특별시 강남구 개포로20길 24-7,복합건축물,N,696.18,,N,N,N,강남소방서,19940817.0,N,3급대상,5,1,Y
[개황] 서흥빌딩,서흥빌딩,서울특별시 강남구 개포동 1163-5,서울특별시 강남구 논현로 8,근린생활시설,N,1077.2,0.0,N,N,N,강남소방서,19950218.0,N,3급대상,6,1,Y
[동별] 서흥빌딩,서흥빌딩,서울특별시 강남구 개포동 1163-5,서울특별시 강남구 논현로 8,근린생활시설,N,1077.2,0.0,N,N,N,강남소방서,19950218.0,N,3급대상,6,1,Y
[개황] 동서빌딩,동서빌딩,서울특별시 강남구 개포동 1184-9,서울특별시 강남구 개포로22길 80,복합건축물,N,1185.0,,N,N,N,강남소방서,19950308.0,N,3급대상,7,1,Y
[동별] 동서빌딩,동서빌딩,서울특별시 강남구 개포동 1184-9,서울특별시 강남구 개포로22길 80,복합건축물,N,1185.0,,N,N,N,강남소방서,19950308.0,N,3급대상,7,1,Y
[개황] 쌍용개포아파트,쌍용개포아파트,서울특별시 강남구 개포동 655-3,서울특별시 강남구 언주로 101,복합건축물,N,5273.0,,Y,N,N,강남소방서,19950331.0,N,2급대상,10,1,Y
[동별] 쌍용개포아파트,쌍용개포아파트,서울특별시 강남구 개포동 655-3,서울특별시 강남구 언주로 101,복합건축물,N,5273.0,,Y,N,N,강남소방서,19950331.0,N,2급대상,10,1,Y
[개황] 풍양빌딩,풍양빌딩,서울특별시 강남구 개포동 1231-11,서울특별시 강남구 개포로22길 26,복합건축물,N,1730.0,,Y,N,N,강남소방서,19950509.0,N,2급대상,5,1,Y
[동별] 풍양빌딩,풍양빌딩,서울특별시 강남구 개포동 1231-11,서울특별시 강남구 개포로22길 26,복합건축물,N,1730.0,,Y,N,N,강남소방서,19950509.0,N,2급대상,5,1,Y
[개황] 능인선원,능인선원,서울특별시 강남구 개포동 1055,서울특별시 강남구 양재대로 340,종교시설,N,11729.0,0.0,Y,N,N,강남소방서,19950629.0,N,2급대상,3,5,Y
[동별] 능인선원,능인선원복지관,서울특별시 강남구 개포동 1055,서울특별시 강남구 양재대로 340,종교시설,N,11729.0,0.0,Y,N,N,강남소방서,19950625.0,N,2급대상,3,5,Y
[개황] 석탑프라자(개포3동주민센터),석탑프라자(개포3동주민센터),서울특별시 강남구 개포동 12-4,서울특별시 강남구 개포로 615,복합건축물,N,16074.93,0.0,Y,Y,N,강남소방서,19950821.0,N,1급대상,9,4,Y
[동별] 석탑프라자(개포3동주민센터),석탑프라자,서울특별시 강남구 개포동 12-4,서울특별시 강남구 개포로 615,복합건축물,N,16074.93,0.0,Y,Y,N,강남소방서,19950821.0,N,1급대상,9,4,Y
[개황] 남현빌딩,남현빌딩,서울특별시 강남구 개포동 1228-6,서울특별시 강남구 논현로 52,복합건축물,N,1434.0,,N,N,N,강남소방서,19960531.0,N,3급대상,4,2,Y
[동별] 남현빌딩,남현빌딩,서울특별시 강남구 개포동 1228-6,서울특별시 강남구 논현로 52,복합건축물,N,1434.0,,N,N,N,강남소방서,19960531.0,N,3급대상,4,2,Y
[개황] 개포렉스힐,개포렉스힐,서울특별시 강남구 개포동 157-9,서울특별시 강남구 선릉로4길 19,복합건축물,N,1440.05,,N,N,N,강남소방서,20111116.0,N,3급대상,7,2,Y
[동별] 개포렉스힐,개포렉스힐(구.김해옥 건물),서울특별시 강남구 개포동 157-9,서울특별시 강남구 선릉로4길 19,복합건축물,N,1440.05,,N,N,N,강남소방서,19960531.0,N,3급대상,7,2,Y
[개황] 지성빌딩,지성빌딩,서울특별시 강남구 개포동 1229-5,서울특별시 강남구 논현로 80,복합건축물,N,1942.54,0.0,Y,N,N,강남소방서,19960913.0,N,2급대상,6,2,Y
[동별] 지성빌딩,지성빌딩,서울특별시 강남구 개포동 1229-5,서울특별시 강남구 논현로 80,근린생활시설,N,1942.54,0.0,Y,N,N,강남소방서,19960913.0,N,2급대상,6,2,Y
[개황] 세영빌딩,세영빌딩,서울특별시 강남구 개포동 1228-1,서울특별시 강남구 논현로 62,복합건축물,N,1184.0,,N,N,N,강남소방서,19961019.0,N,3급대상,5,1,Y
[동별] 세영빌딩,세영빌딩,서울특별시 강남구 개포동 1228-1,서울특별시 강남구 논현로 62,복합건축물,N,1184.0,,N,N,N,강남소방서,19961019.0,N,3급대상,5,1,Y
[개황] 더샵그린아파트,더샵그린아파트,서울특별시 강남구 개포동 1167,서울특별시 강남구 논현로4길 28,공동주택,Y,5175.78,19.0,Y,N,N,강남소방서,19960923.0,N,2급대상,10,1,Y
[동별] 더샵그린아파트,더？그린아파트,서울특별시 강남구 개포동 1167,서울특별시 강남구 논현로4길 28,공동주택,Y,5175.78,19.0,Y,N,N,강남소방서,19960923.0,N,2급대상,10,1,Y
[개황] 오성빌딩(준빌딩),오성빌딩(준빌딩),서울특별시 강남구 개포동 168-5,서울특별시 강남구 선릉로 38,복합건축물,N,1774.26,,N,N,N,강남소방서,19961206.0,N,3급대상,7,1,Y
[동별] 오성빌딩(준빌딩),오성빌딩,서울특별시 강남구 개포동 168-5,서울특별시 강남구 선릉로 38,복합건축물,N,1774.26,,N,N,N,강남소방서,19961206.0,N,3급대상,7,1,Y
[개황] 석천빌딩,석천빌딩,서울특별시 강남구 개포동 171,서울특별시 강남구 선릉로16길 6,복합건축물,N,1019.89,,N,N,N,강남소방서,19961227.0,N,3급대상,5,1,Y
[동별] 석천빌딩,석천빌딩,서울특별시 강남구 개포동 171,서울특별시 강남구 선릉로16길 6,복합건축물,N,1019.89,,N,N,N,강남소방서,19961227.0,N,3급대상,5,1,Y
[개황] 청우빌딩,청우빌딩,서울특별시 강남구 개포동 1219-1,서울특별시 강남구 개포로22길 32,복합건축물,N,1130.76,,N,N,N,강남소방서,19970321.0,N,3급대상,6,1,Y
[동별] 청우빌딩,청우빌딩,서울특별시 강남구 개포동 1219-1,서울특별시 강남구 개포로22길 32,복합건축물,N,1130.76,,N,N,N,강남소방서,19970321.0,N,3급대상,6,1,Y
[개황] 제이빌딩,제이빌딩,서울특별시 강남구 개포동 1249-4,서울특별시 강남구 개포로21길 5,복합건축물,N,638.0,6.0,N,N,N,강남소방서,19970809.0,N,3급대상,6,1,Y
[동별] 제이빌딩,제이빌딩,서울특별시 강남구 개포동 1249-4,서울특별시 강남구 개포로21길 5,복합건축물,N,638.0,6.0,N,N,N,강남소방서,19970809.0,N,3급대상,6,1,Y
[개황] 금만빌딩,금만빌딩,서울특별시 강남구 개포동 1164-6,서울특별시 강남구 논현로2길 20,복합건축물,N,1361.0,,N,N,N,강남소방서,19910128.0,N,3급대상,6,1,Y
[동별] 금만빌딩,금만빌딩,서울특별시 강남구 개포동 1164-6,서울특별시 강남구 논현로2길 20,복합건축물,N,1361.0,,N,N,N,강남소방서,19910128.0,N,3급대상,6,1,Y
[개황] 극동빌딩,극동빌딩,서울특별시 강남구 개포동 1163-7,서울특별시 강남구 논현로 4,업무시설,N,1566.0,0.0,N,N,N,강남소방서,19970620.0,N,2급대상,7,1,Y
[동별] 극동빌딩,극동빌딩,서울특별시 강남구 개포동 1163-7,서울특별시 강남구 논현로 4,업무시설,N,1566.0,0.0,N,N,N,강남소방서,19970620.0,N,2급대상,7,1,Y
[개황] 대청타워,대청타워,서울특별시 강남구 개포동 13-3,서울특별시 강남구 개포로 623,복합건축물,N,66486.84,0.0,Y,Y,Y,강남소방서,19970521.0,N,특급대상,26,6,Y
[동별] 대청타워,대청타워,서울특별시 강남구 개포동 13-3,서울특별시 강남구 개포로 623,복합건축물,N,66486.84,0.0,Y,Y,Y,강남소방서,19970521.0,N,특급대상,26,6,Y
[개황] 우선빌딩,우선빌딩,서울특별시 강남구 개포동 1257-5,서울특별시 강남구 개포로25길 7,복합건축물,N,927.0,,N,N,N,강남소방서,19971010.0,N,3급대상,5,1,Y
[동별] 우선빌딩,우선빌딩,서울특별시 강남구 개포동 1257-5,서울특별시 강남구 개포로25길 7,복합건축물,N,927.0,,N,N,N,강남소방서,19971010.0,N,3급대상,5,1,Y
[개황] 경빌딩,경빌딩,서울특별시 강남구 개포동 1184-8,서울특별시 강남구 개포로22길 78,근린생활시설,N,966.5,0.0,N,N,N,강남소방서,19970906.0,N,3급대상,4,1,Y
[동별] 경빌딩,경빌딩,서울특별시 강남구 개포동 1184-8,서울특별시 강남구 개포로22길 78,근린생활시설,N,966.5,0.0,N,N,N,강남소방서,19970906.0,N,3급대상,4,1,Y
[개황] 포이현대빌라트,포이현대빌라트,서울특별시 강남구 개포동 1165,서울특별시 강남구 논현로4길 50,공동주택,Y,3307.44,14.0,Y,N,N,강남소방서,19971224.0,N,2급대상,8,1,Y
[동별] 포이현대빌라트,포이현대빌라트,서울특별시 강남구 개포동 1165,서울특별시 강남구 논현로4길 50,공동주택,Y,3307.44,14.0,Y,N,N,강남소방서,19971224.0,N,2급대상,8,1,Y
[개황] 천주교일원동성당,천주교일원동성당,서울특별시 강남구 개포동 14-3,서울특별시 강남구 개포로109길 38,종교시설,N,3854.04,0.0,N,N,N,강남소방서,19980602.0,N,2급대상,5,1,Y
[동별] 천주교일원동성당,천주교일원동성당,서울특별시 강남구 개포동 14-3,서울특별시 강남구 개포로109길 38,종교시설,N,3854.04,0.0,N,N,N,강남소방서,19980602.0,N,2급대상,5,1,Y
[개황] 파워엠빌딩(구.남흥빌딩),파워엠빌딩(구.남흥빌딩),서울특별시 강남구 개포동 1246-2,서울특별시 강남구 개포로 211,복합건축물,N,1706.0,0.0,Y,N,N,강남소방서,19980312.0,N,2급대상,7,2,Y
[동별] 파워엠빌딩(구.남흥빌딩),삼원빌딩,서울특별시 강남구 개포동 1246-2,서울특별시 강남구 개포로 211,복합건축물,N,1706.0,0.0,Y,N,N,강남소방서,19980312.0,N,2급대상,7,2,Y
[개황] 녹경타운,녹경타운,서울특별시 강남구 개포동 1199-5,서울특별시 강남구 논현로12길 25,복합건축물,N,1688.0,,N,N,Y,강남소방서,19980406.0,N,2급대상,5,1,Y
[동별] 녹경타운,녹경타운,서울특별시 강남구 개포동 1199-5,서울특별시 강남구 논현로12길 25,복합건축물,N,1688.0,,N,N,Y,강남소방서,19980406.0,N,2급대상,5,1,Y
[개황] 수서경찰서,수서경찰서,서울특별시 강남구 개포동 14,서울특별시 강남구 개포로 617,업무시설,N,11656.19,0.0,Y,N,N,강남소방서,19980429.0,N,2급대상,5,1,Y
[동별] 수서경찰서,수서경찰서 본관동,서울특별시 강남구 개포동 14,서울특별시 강남구 개포로 617,업무시설,N,9452.91,0.0,N,N,N,강남소방서,19980429.0,N,2급대상,5,1,Y
[동별] 수서경찰서,직장어린이집,서울특별시 강남구 개포동 14,서울특별시 강남구 개포로 617,노유자시설,N,1115.48,0.0,Y,N,N,강남소방서,20230526.0,N,2급대상,4,0,Y
[동별] 수서경찰서,별관동,서울특별시 강남구 개포동  14,서울특별시 강남구 개포로 617,업무시설,N,1087.8,0.0,N,N,N,강남소방서,20231222.0,N,2급대상,3,0,Y
[개황] 구룡터널,구룡터널,서울특별시 강남구 개포동 647-3,서울특별시 강남구 언주로 3,지하가,N,487.84,0.0,N,N,N,강남소방서,19980530.0,Y,2급대상,2,1,Y
[동별] 구룡터널,구룡터널,서울특별시 강남구 개포동 647-3,서울특별시 강남구 언주로 3,지하가,N,487.84,0.0,N,N,N,강남소방서,19980530.0,Y,2급대상,2,1,Y
[개황] 대청프라자,대청프라자,서울특별시 강남구 개포동 14-1,서울특별시 강남구 개포로109길 34,복합건축물,N,4989.14,0.0,N,N,N,강남소방서,19980616.0,N,2급대상,5,2,Y
[동별] 대청프라자,대청프라자,서울특별시 강남구 개포동 14-1,서울특별시 강남구 개포로109길 34,복합건축물,N,4989.14,0.0,N,N,N,강남소방서,19980616.0,N,2급대상,5,2,Y
[개황] 로뎀빌딩,로뎀빌딩,서울특별시 강남구 개포동 1200-5,서울특별시 강남구 논현로12길 33,복합건축물,N,621.59,,N,N,N,강남소방서,19970321.0,N,3급대상,3,1,Y
[동별] 로뎀빌딩,민경빌딩,서울특별시 강남구 개포동 1200-5,서울특별시 강남구 논현로12길 33,복합건축물,N,621.59,,N,N,N,강남소방서,19970321.0,N,3급대상,3,1,Y
[개황] 서울주택도시공사,서울주택도시공사,서울특별시 강남구 개포동 14-5,서울특별시 강남구 개포로 621,업무시설,N,43745.41,0.0,Y,Y,Y,강남소방서,19981130.0,N,1급대상,16,3,Y
[동별] 서울주택도시공사,SH공사,서울특별시 강남구 개포동 14-5,서울특별시 강남구 개포로 621,업무시설,N,43745.41,0.0,Y,Y,Y,강남소방서,19981130.0,N,1급대상,16,3,Y
[개황] 팜클빌딩,팜클빌딩,서울특별시 강남구 개포동 163-5,서울특별시 강남구 선릉로10길 18-7,복합건축물,N,946.64,,N,N,N,강남소방서,19950516.0,N,3급대상,3,1,Y
[동별] 팜클빌딩,팜클빌딩,서울특별시 강남구 개포동 163-5,서울특별시 강남구 선릉로10길 18-7,복합건축물,N,946.64,,N,N,N,강남소방서,19950516.0,N,3급대상,3,1,Y
[개황] 광수빌딩,광수빌딩,서울특별시 강남구 개포동 1212,서울특별시 강남구 개포로 244,복합건축물,N,1213.13,0.0,N,N,N,강남소방서,19910204.0,N,3급대상,6,1,Y
[동별] 광수빌딩,광수빌딩,서울특별시 강남구 개포동 1212,서울특별시 강남구 개포로 244,복합건축물,N,1213.13,0.0,N,N,N,강남소방서,19910204.0,N,3급대상,6,1,Y
[개황] 강남구가족센터,강남구가족센터,서울특별시 강남구 개포동 14-2,서울특별시 강남구 개포로 617-8,노유자시설,N,2693.66,0.0,Y,N,N,강남소방서,19981226.0,N,2급대상,4,1,Y
[동별] 강남구가족센터,강남구가정복지센타,서울특별시 강남구 개포동 14-2,서울특별시 강남구 개포로 617-8,노유자시설,N,2693.66,0.0,Y,N,N,강남소방서,19981226.0,N,2급대상,4,1,Y
[개황] 금화빌딩,금화빌딩,서울특별시 강남구 개포동 1238-2,서울특별시 강남구 개포로 206,업무시설,N,2441.0,0.0,N,N,N,강남소방서,19910515.0,N,2급대상,6,2,Y
[동별] 금화빌딩,금화빌딩,서울특별시 강남구 개포동 1238-2,서울특별시 강남구 개포로 206,업무시설,N,2441.0,0.0,N,N,N,강남소방서,19910515.0,N,2급대상,6,2,Y
[개황] 강남지역자활센터,강남지역자활센터,서울특별시 강남구 개포동 1211-4,서울특별시 강남구 개포로38길 12,업무시설,N,825.0,0.0,N,N,N,강남소방서,19890827.0,N,3급대상,3,1,Y
[동별] 강남지역자활센터,개포4동사무소,서울특별시 강남구 개포동 1211-4,서울특별시 강남구 개포로38길 12,업무시설,N,825.0,0.0,N,N,N,강남소방서,19890827.0,N,3급대상,3,1,Y
[개황] 개포1동 주민센터,개포1동 주민센터,서울특별시 강남구 개포동 653,서울특별시 강남구 개포로 303,업무시설,N,894.0,0.0,N,N,N,강남소방서,19831120.0,N,2급대상,2,1,Y
[동별] 개포1동 주민센터,개포1동사무소,서울특별시 강남구 개포동 653,서울특별시 강남구 개포로 303,업무시설,N,894.0,0.0,N,N,N,강남소방서,19831120.0,N,2급대상,2,1,Y
[개황] 사이넷빌딩,사이넷빌딩,서울특별시 강남구 개포동 1238-3,서울특별시 강남구 개포로 208,업무시설,N,1489.62,0.0,N,N,N,강남소방서,19991206.0,N,3급대상,8,1,Y
[동별] 사이넷빌딩,HJ빌딩,서울특별시 강남구 개포동 1238-3,서울특별시 강남구 개포로 208,업무시설,N,1489.62,0.0,N,N,N,강남소방서,19991206.0,N,3급대상,8,1,Y
[개황] 경인빌딩,경인빌딩,서울특별시 강남구 개포동 1250-4,서울특별시 강남구 개포로17길 26,복합건축물,N,721.73,,N,N,N,강남소방서,20001208.0,N,3급대상,4,1,Y
[동별] 경인빌딩,경인빌딩,서울특별시 강남구 개포동 1250-4,서울특별시 강남구 개포로17길 26,복합건축물,N,721.73,,N,N,N,강남소방서,20001228.0,N,3급대상,4,1,Y
[개황] 아람손프라자,아람손프라자,서울특별시 강남구 개포동 1164-7,서울특별시 강남구 논현로2길 22,복합건축물,N,3649.64,0.0,Y,N,Y,강남소방서,20011226.0,N,2급대상,5,2,Y
[동별] 아람손프라자,아람손프라자/비바빌,서울특별시 강남구 개포동 1164-7,서울특별시 강남구 논현로2길 22,복합건축물,N,3649.64,0.0,Y,N,Y,강남소방서,20011226.0,N,2급대상,5,2,Y
[개황] 동혁빌딩,동혁빌딩,서울특별시 강남구 개포동 1184-12,서울특별시 강남구 개포로22길 86,복합건축물,N,1480.41,,N,N,N,강남소방서,20011226.0,N,3급대상,6,2,Y
[동별] 동혁빌딩,동혁빌딩,서울특별시 강남구 개포동 1184-12,서울특별시 강남구 개포로22길 86,복합건축물,N,1480.41,,N,N,N,강남소방서,20011226.0,N,3급대상,6,2,Y
[개황] 글로리빌딩,글로리빌딩,서울특별시 강남구 개포동 1194-4,서울특별시 강남구 논현로 42,복합건축물,N,1037.49,,N,N,N,강남소방서,20020607.0,N,3급대상,6,1,Y
[동별] 글로리빌딩,글로리빌딩,서울특별시 강남구 개포동 1194-4,서울특별시 강남구 논현로 42,복합건축물,N,1037.49,,N,N,N,강남소방서,20020607.0,N,3급대상,6,1,Y
[개황] 강남우체국,강남우체국,서울특별시 강남구 개포동 14-4,서울특별시 강남구 개포로 619,업무시설,N,9385.5,0.0,N,N,N,강남소방서,20020621.0,N,1급대상,13,3,Y
[동별] 강남우체국,강남우체국,서울특별시 강남구 개포동 14-4,서울특별시 강남구 개포로 619,업무시설,N,9385.5,0.0,N,N,N,강남소방서,20020621.0,N,1급대상,13,3,Y
[개황] 진영빌딩,진영빌딩,서울특별시 강남구 개포동 1231-9,서울특별시 강남구 개포로22길 20,근린생활시설,N,735.42,0.0,N,N,N,강남소방서,20090102.0,N,3급대상,4,1,Y
[동별] 진영빌딩,진영빌딩,서울특별시 강남구 개포동 1231-9,서울특별시 강남구 개포로22길 20,근린생활시설,N,735.42,0.0,N,N,N,강남소방서,20090102.0,N,3급대상,4,1,Y
[개황] 정준유통,정준유통,서울특별시 강남구 개포동 1197,서울특별시 강남구 논현로12길 16,복합건축물,N,991.68,,N,N,N,강남소방서,20020711.0,N,3급대상,2,0,Y
[동별] 정준유통,정준유통,서울특별시 강남구 개포동 1197,서울특별시 강남구 논현로12길 16,복합건축물,N,991.68,,N,N,N,강남소방서,20020711.0,N,3급대상,2,0,Y
[개황] 대성빌딩,대성빌딩,서울특별시 강남구 개포동 1230-6,서울특별시 강남구 논현로16길 25,복합건축물,N,856.22,,N,N,N,강남소방서,20021030.0,N,3급대상,6,1,Y
[동별] 대성빌딩,대성빌딩,서울특별시 강남구 개포동 1230-6,서울특별시 강남구 논현로16길 25,복합건축물,N,856.22,,N,N,N,강남소방서,20021030.0,N,3급대상,6,1,Y
[개황] 리더스아파트,리더스아파트,서울특별시 강남구 개포동 1164-25,서울특별시 강남구 논현로2길 62,공동주택,Y,1174.0,10.0,N,N,N,강남소방서,20021226.0,N,3급대상,6,1,Y
[동별] 리더스아파트,리더스아파트,서울특별시 강남구 개포동 1164-25,서울특별시 강남구 논현로2길 62,공동주택,Y,1174.0,10.0,N,N,N,강남소방서,20021226.0,N,3급대상,6,1,Y
[개황] 에버그린빌딩,에버그린빌딩,서울특별시 강남구 개포동 166-4,서울특별시 강남구 선릉로8길 5,공동주택,Y,1233.89,9.0,N,N,N,강남소방서,20030312.0,N,3급대상,6,1,Y
[동별] 에버그린빌딩,에버그린빌딩,서울특별시 강남구 개포동 166-4,서울특별시 강남구 선릉로8길 5,공동주택,Y,1233.89,9.0,N,N,N,강남소방서,20030312.0,N,3급대상,6,1,Y
[개황] 개포상지리츠빌,개포상지리츠빌,서울특별시 강남구 개포동 176-1,서울특별시 강남구 개포로 405,공동주택,Y,4384.0,18.0,Y,N,N,강남소방서,20030328.0,N,2급대상,11,1,Y
[동별] 개포상지리츠빌,개포상지리츠빌,서울특별시 강남구 개포동 176-1,서울특별시 강남구 개포로 405,공동주택,Y,4384.0,18.0,Y,N,N,강남소방서,20030328.0,N,2급대상,11,1,Y
[개황] 연아빌딩,연아빌딩,서울특별시 강남구 개포동 1228-5,서울특별시 강남구 논현로 54,복합건축물,N,997.0,,N,N,N,강남소방서,20030328.0,N,3급대상,5,1,Y
[동별] 연아빌딩,연아빌딩,서울특별시 강남구 개포동 1228-5,서울특별시 강남구 논현로 54,복합건축물,N,997.0,,N,N,N,강남소방서,20030328.0,N,3급대상,5,1,Y
[개황] 다우빌딩,다우빌딩,서울특별시 강남구 개포동 1194-6,서울특별시 강남구 논현로 38,복합건축물,N,999.0,,N,N,N,강남소방서,20030425.0,N,3급대상,6,1,Y
[동별] 다우빌딩,황호근건물다우빌딩,서울특별시 강남구 개포동 1194-6,서울특별시 강남구 논현로 38,복합건축물,N,999.0,,N,N,N,강남소방서,20030425.0,N,3급대상,6,1,Y
[개황] 골든빌오피스텔,골든빌오피스텔,서울특별시 강남구 개포동 1246-3,서울특별시 강남구 개포로 213,업무시설,N,948.0,0.0,N,N,N,강남소방서,20030515.0,N,3급대상,6,0,Y
[동별] 골든빌오피스텔,골든빌오피스텔,서울특별시 강남구 개포동 1246-3,서울특별시 강남구 개포로 213,업무시설,N,948.0,0.0,N,N,N,강남소방서,20030515.0,N,3급대상,6,0,Y
[개황] 금마빌딩,금마빌딩,서울특별시 강남구 개포동 1190-3,서울특별시 강남구 논현로8길 10-8,복합건축물,N,726.43,,N,N,N,강남소방서,20030611.0,N,3급대상,5,1,Y
[동별] 금마빌딩,금마빌딩,서울특별시 강남구 개포동 1190-3,서울특별시 강남구 논현로8길 10-8,복합건축물,N,726.43,,N,N,N,강남소방서,19891014.0,N,3급대상,5,1,Y
[개황] Avenue28빌딩,Avenue28빌딩,서울특별시 강남구 개포동 1192-7,서울특별시 강남구 논현로 28,복합건축물,N,1109.0,,N,N,N,강남소방서,20030709.0,N,3급대상,6,2,Y
[동별] Avenue28빌딩,한이빌딩,서울특별시 강남구 개포동 1192-7,서울특별시 강남구 논현로 28,복합건축물,N,1109.0,,N,N,N,강남소방서,20030709.0,N,3급대상,6,2,Y
[개황] 개포동역(분당선),개포동역(분당선),서울특별시 강남구 개포동 195,서울특별시 강남구 개포로 420,운수시설,N,11183.88,0.0,Y,Y,Y,강남소방서,20030827.0,N,2급대상,0,4,Y
[동별] 개포동역(분당선),개포동역,서울특별시 강남구 개포동 195,서울특별시 강남구 개포로 420,운수시설,N,11183.88,0.0,Y,Y,Y,강남소방서,20030827.0,N,2급대상,0,4,Y
[개황] 연우빌딩,연우빌딩,서울특별시 강남구 개포동 1200,서울특별시 강남구 개포로22길 46,복합건축물,N,1911.61,,Y,N,N,강남소방서,20030925.0,N,2급대상,5,1,Y
[동별] 연우빌딩,연우빌딩,서울특별시 강남구 개포동 1200,서울특별시 강남구 개포로22길 46,복합건축물,N,1911.61,,Y,N,N,강남소방서,20030925.0,N,2급대상,5,1,Y
[개황] 서울농아교회,서울농아교회,서울특별시 강남구 개포동 1239-9,서울특별시 강남구 개포로15길 21,복합건축물,N,891.44,,N,N,N,강남소방서,20031224.0,N,3급대상,5,2,Y
[동별] 서울농아교회,서울농아교회,서울특별시 강남구 개포동 1239-9,서울특별시 강남구 개포로15길 21,복합건축물,N,891.44,,N,N,N,강남소방서,20031224.0,N,3급대상,5,2,Y
[개황] 정원빌딩,정원빌딩,서울특별시 강남구 개포동 1258-4,서울특별시 강남구 개포로 229,근린생활시설,N,939.66,0.0,N,N,N,강남소방서,20031230.0,N,3급대상,6,0,Y
[동별] 정원빌딩,정원빌딩,서울특별시 강남구 개포동 1258-4,서울특별시 강남구 개포로 229,근린생활시설,N,939.66,0.0,N,N,N,강남소방서,20031230.0,N,3급대상,6,0,Y
[개황] 서호빌딩,서호빌딩,서울특별시 강남구 개포동 1246,서울특별시 강남구 개포로 209,복합건축물,N,2091.25,,N,N,Y,강남소방서,20040106.0,N,2급대상,6,1,Y
[동별] 서호빌딩,서호빌딩,서울특별시 강남구 개포동 1246,서울특별시 강남구 개포로 209,복합건축물,N,2091.25,,N,N,Y,강남소방서,20040116.0,N,2급대상,6,1,Y
[개황] 세봉빌딩,세봉빌딩,서울특별시 강남구 개포동 1192-5,서울특별시 강남구 논현로8길 5,복합건축물,N,821.98,,N,N,N,강남소방서,20040202.0,N,3급대상,5,1,Y
[동별] 세봉빌딩,세봉빌딩,서울특별시 강남구 개포동 1192-5,서울특별시 강남구 논현로8길 5,복합건축물,N,821.98,,N,N,N,강남소방서,20040202.0,N,3급대상,5,1,Y
[개황] 썬테크빌딩,썬테크빌딩,서울특별시 강남구 개포동 1193,서울특별시 강남구 논현로 34,복합건축물,N,2675.94,,Y,N,N,강남소방서,20040228.0,N,2급대상,6,2,Y
[동별] 썬테크빌딩,썬테크빌딩,서울특별시 강남구 개포동 1193,서울특별시 강남구 논현로 34,복합건축물,N,2675.94,,Y,N,N,강남소방서,20040228.0,N,2급대상,6,2,Y
[개황] 리치타운아파트,리치타운아파트,서울특별시 강남구 개포동 1204-5,서울특별시 강남구 개포로28길 28,공동주택,Y,1230.49,12.0,N,N,N,강남소방서,20040428.0,N,3급대상,6,1,Y
[동별] 리치타운아파트,리치타운,서울특별시 강남구 개포동 1204-5,서울특별시 강남구 개포로28길 28,공동주택,Y,1230.49,12.0,N,N,N,강남소방서,20040428.0,N,3급대상,6,1,Y
[개황] 정빌딩,정빌딩,서울특별시 강남구 개포동 1218-30,서울특별시 강남구 개포로22길 5,복합건축물,N,1566.96,,N,N,N,강남소방서,20040507.0,N,2급대상,6,2,Y
[동별] 정빌딩,정빌딩,서울특별시 강남구 개포동 1218-30,서울특별시 강남구 개포로22길 5,복합건축물,N,1566.96,,N,N,N,강남소방서,20040507.0,N,2급대상,6,2,Y
[개황] 개포자이아파트,개포자이아파트,서울특별시 강남구 개포동 12-2,서울특별시 강남구 개포로109길 69,공동주택,Y,60358.78,212.0,Y,N,N,강남소방서,20040617.0,N,2급대상,22,2,Y
[동별] 개포자이아파트,LG개포자이아파트 101동,서울특별시 강남구 개포동 12-2,서울특별시 강남구 개포로109길 69,공동주택,Y,22831.83,63.0,Y,N,N,강남소방서,20040617.0,N,2급대상,22,2,Y
[동별] 개포자이아파트,상가동,서울특별시 강남구 개포동 12-2,서울특별시 강남구 개포로109길 69,공동주택,Y,159.2,0.0,N,N,N,강남소방서,20040617.0,N,2급대상,1,0,Y
[동별] 개포자이아파트,LG개포자이아파트 102동,서울특별시 강남구 개포동 12-2,서울특별시 강남구 개포로109길 69,공동주택,Y,23231.84,65.0,N,N,N,강남소방서,20040617.0,N,2급대상,22,2,Y
[동별] 개포자이아파트,LG개포자이아파트 103동,서울특별시 강남구 개포동 12-2,서울특별시 강남구 개포로109길 69,공동주택,Y,7347.76,43.0,N,N,N,강남소방서,20040617.0,N,2급대상,22,2,Y
[동별] 개포자이아파트,LG개포자이아파트 104동,서울특별시 강남구 개포동 12-2,서울특별시 강남구 개포로109길 69,공동주택,Y,6788.15,41.0,N,N,N,강남소방서,20040617.0,N,2급대상,21,2,Y
[개황] 구룡역(분당선),구룡역(분당선),서울특별시 강남구 개포동 175,서울특별시 강남구 개포로 403,운수시설,N,12203.18,0.0,Y,Y,Y,강남소방서,20030823.0,N,2급대상,0,6,Y
[동별] 구룡역(분당선),구룡역,서울특별시 강남구 개포동 175,서울특별시 강남구 개포로 403,운수시설,N,12203.18,0.0,Y,Y,Y,강남소방서,20040601.0,N,2급대상,0,6,Y
[개황] 씨티셀즈빌딩,씨티셀즈빌딩,서울특별시 강남구 개포동 1238-7,서울특별시 강남구 개포로 216,복합건축물,N,1678.23,,N,N,N,강남소방서,20040624.0,N,2급대상,7,2,Y
[동별] 씨티셀즈빌딩,보광빌딩,서울특별시 강남구 개포동 1238-7,서울특별시 강남구 개포로 216,복합건축물,N,1678.23,,N,N,N,강남소방서,20040624.0,N,2급대상,7,2,Y
[개황] 와세다,와세다,서울특별시 강남구 개포동 1192,서울특별시 강남구 논현로 30,근린생활시설,N,735.16,0.0,N,N,N,강남소방서,20040702.0,N,3급대상,5,1,Y
[동별] 와세다,와세다빌딩,서울특별시 강남구 개포동 1192,서울특별시 강남구 논현로 30,근린생활시설,N,735.16,0.0,N,N,N,강남소방서,20040702.0,N,3급대상,5,1,Y
[개황] KSD노엘빌딩,KSD노엘빌딩,서울특별시 강남구 개포동 1229-1,서울특별시 강남구 논현로 88,복합건축물,N,1724.11,,Y,N,N,강남소방서,20040818.0,N,2급대상,7,2,Y
[동별] KSD노엘빌딩,성은실버케어스건물(KSD노엘빌딩),서울특별시 강남구 개포동 1229-1,서울특별시 강남구 논현로 88,복합건축물,N,1724.11,,Y,N,N,강남소방서,20040818.0,N,2급대상,7,2,Y
[개황] 두로빌딩,두로빌딩,서울특별시 강남구 개포동 1218-20,서울특별시 강남구 개포로22길 27,복합건축물,N,735.22,,N,N,N,강남소방서,20041013.0,N,3급대상,4,1,Y
[동별] 두로빌딩,두루빌딩,서울특별시 강남구 개포동 1218-20,서울특별시 강남구 개포로22길 27,복합건축물,N,735.22,,N,N,N,강남소방서,20041013.0,N,3급대상,4,1,Y
[개황] BK빌딩(구.에덴빌딩),BK빌딩(구.에덴빌딩),서울특별시 강남구 개포동 1236-9,서울특별시 강남구 논현로18길 10-20,복합건축물,N,792.7,,N,N,N,강남소방서,20041101.0,N,3급대상,6,1,Y
[동별] BK빌딩(구.에덴빌딩),에덴빌딩(구.BK빌딩),서울특별시 강남구 개포동 1236-9,서울특별시 강남구 논현로18길 10-20,복합건축물,N,792.7,,N,N,N,강남소방서,20041101.0,N,3급대상,6,1,Y
[개황] 진성빌딩,진성빌딩,서울특별시 강남구 개포동 1212-4,서울특별시 강남구 개포로 252,업무시설,N,1703.85,0.0,N,N,N,강남소방서,20050131.0,N,2급대상,6,2,Y
[동별] 진성빌딩,진성빌딩,서울특별시 강남구 개포동 1212-4,서울특별시 강남구 개포로 252,업무시설,N,1703.85,0.0,N,N,N,강남소방서,20050131.0,N,2급대상,6,2,Y
[개황] 대경빌딩,대경빌딩,서울특별시 강남구 개포동 1198-6,서울특별시 강남구 논현로12길 19-4,복합건축물,N,671.47,,Y,N,N,강남소방서,20041203.0,N,3급대상,4,1,Y
[동별] 대경빌딩,태경빌딩,서울특별시 강남구 개포동 1198-6,서울특별시 강남구 논현로12길 19-4,복합건축물,N,671.47,,Y,N,N,강남소방서,20041203.0,N,3급대상,4,1,Y
[개황] 아원디오빌,아원디오빌,서울특별시 강남구 개포동 1236-4,서울특별시 강남구 논현로18길 10-10,복합건축물,N,1123.76,,N,N,N,강남소방서,20050412.0,N,3급대상,6,1,Y
[동별] 아원디오빌,아원디오빌(포이동오피스텔),서울특별시 강남구 개포동 1236-4,서울특별시 강남구 논현로18길 10-10,복합건축물,N,1123.76,,N,N,N,강남소방서,20050412.0,N,3급대상,6,1,Y
[개황] 센트럴빌딩,센트럴빌딩,서울특별시 강남구 개포동 1184-6,서울특별시 강남구 개포로22길 74,근린생활시설,N,989.89,0.0,N,N,N,강남소방서,20050221.0,N,3급대상,6,1,Y
[동별] 센트럴빌딩,센틀럴빌딩,서울특별시 강남구 개포동 1184-6,서울특별시 강남구 개포로22길 74,근린생활시설,N,989.89,0.0,N,N,N,강남소방서,20050221.0,N,3급대상,6,1,Y
[개황] 주원빌딩,주원빌딩,서울특별시 강남구 개포동 1188,서울특별시 강남구 논현로8길 12,복합건축물,N,1777.81,,N,N,N,강남소방서,20050328.0,N,2급대상,5,1,Y
[동별] 주원빌딩,주원빌딩,서울특별시 강남구 개포동 1188,서울특별시 강남구 논현로8길 12,복합건축물,N,1777.81,,N,N,N,강남소방서,20050328.0,N,2급대상,5,1,Y
[개황] 지수빌딩,지수빌딩,서울특별시 강남구 개포동 1191-4,서울특별시 강남구 논현로 18,근린생활시설,N,1234.88,0.0,N,N,N,강남소방서,20050412.0,N,3급대상,6,1,Y
[동별] 지수빌딩,지수빌딩,서울특별시 강남구 개포동 1191-4,서울특별시 강남구 논현로 18,근린생활시설,N,1234.88,0.0,N,N,N,강남소방서,20050412.0,N,3급대상,6,1,Y
[개황] 충만빌딩,충만빌딩,서울특별시 강남구 개포동 1235-13,서울특별시 강남구 논현로18길 10-17,복합건축물,N,855.29,,N,N,N,강남소방서,20050507.0,N,3급대상,5,1,Y
[동별] 충만빌딩,스타빌딩,서울특별시 강남구 개포동 1235-13,서울특별시 강남구 논현로18길 10-17,복합건축물,N,855.29,,N,N,N,강남소방서,20050507.0,N,3급대상,5,1,Y
[개황] 거호산업사옥,거호산업사옥,서울특별시 강남구 개포동 1237-4,서울특별시 강남구 논현로20길 14,복합건축물,N,877.58,,N,N,N,강남소방서,20050701.0,N,3급대상,6,1,Y
[동별] 거호산업사옥,거호빌딩,서울특별시 강남구 개포동 1237-4,서울특별시 강남구 논현로20길 14,복합건축물,N,877.58,,N,N,N,강남소방서,20050701.0,N,3급대상,6,1,Y
[개황] 우도빌딩,우도빌딩,서울특별시 강남구 개포동 1198-7,서울특별시 강남구 논현로12길 19-6,근린생활시설,N,995.79,0.0,N,N,N,강남소방서,20050513.0,N,3급대상,6,1,Y
[동별] 우도빌딩,1,서울특별시 강남구 개포동 1198-7,서울특별시 강남구 논현로12길 19-6,근린생활시설,N,995.79,0.0,N,N,N,강남소방서,20050513.0,N,3급대상,6,1,Y
[개황] 영재빌딩,영재빌딩,서울특별시 강남구 개포동 1187-2,서울특별시 강남구 논현로10길 16,복합건축물,N,921.71,,N,N,N,강남소방서,20050506.0,N,3급대상,6,1,Y
[동별] 영재빌딩,영재빌딩,서울특별시 강남구 개포동 1187-2,서울특별시 강남구 논현로10길 16,복합건축물,N,921.71,,N,N,N,강남소방서,20050506.0,N,3급대상,6,1,Y
[개황] 네비스빌딩,네비스빌딩,서울특별시 강남구 개포동 1258,서울특별시 강남구 개포로 221,복합건축물,N,1071.24,,N,N,N,강남소방서,20050620.0,N,3급대상,5,1,Y
[동별] 네비스빌딩,네비스빌딩,서울특별시 강남구 개포동 1258,서울특별시 강남구 개포로 221,복합건축물,N,1071.24,,N,N,N,강남소방서,20050620.0,N,3급대상,5,1,Y
[개황] 신승빌딩,신승빌딩,서울특별시 강남구 개포동 1202,서울특별시 강남구 개포로22길 43,복합건축물,N,726.61,,Y,N,N,강남소방서,20050929.0,N,3급대상,3,1,Y
[동별] 신승빌딩,신승빌딩,서울특별시 강남구 개포동 1202,서울특별시 강남구 개포로22길 43,복합건축물,N,726.61,,Y,N,N,강남소방서,20050929.0,N,3급대상,3,1,Y
[개황] 둘둘치킨,둘둘치킨,서울특별시 강남구 개포동 1187,서울특별시 강남구 논현로10길 12,복합건축물,N,870.2,,N,N,N,강남소방서,20051020.0,N,3급대상,5,1,Y
[동별] 둘둘치킨,김신기 건물,서울특별시 강남구 개포동 1187,서울특별시 강남구 논현로10길 12,복합건축물,N,870.2,,N,N,N,강남소방서,20051020.0,N,3급대상,5,1,Y
[개황] 이룸빌딩,이룸빌딩,서울특별시 강남구 개포동 1243-9,서울특별시 강남구 개포로15길 38,복합건축물,N,730.85,,N,N,N,강남소방서,20051102.0,N,3급대상,5,1,Y
[동별] 이룸빌딩,이룸빌딩,서울특별시 강남구 개포동 1243-9,서울특별시 강남구 개포로15길 38,복합건축물,N,730.85,,N,N,N,강남소방서,20051102.0,N,3급대상,5,1,Y
[개황] 개포동공원공영주차장,개포동공원공영주차장,서울특별시 강남구 개포동 183-1,서울특별시 강남구 개포로 509,항공기및자동차관련시설,N,5135.62,0.0,Y,N,N,강남소방서,20110525.0,N,2급대상,1,3,Y
[동별] 개포동공원공영주차장,근린공원 공영주차장,서울특별시 강남구 개포동 183-1,서울특별시 강남구 개포로 509,항공기및자동차관련시설,N,5135.62,0.0,Y,N,N,강남소방서,20060224.0,N,2급대상,1,3,Y
[개황] 우찬현대아파트102동,우찬현대아파트102동,서울특별시 강남구 개포동 1260-4,서울특별시 강남구 개포로31길 9-5,공동주택,Y,1295.7,10.0,N,N,N,강남소방서,20060626.0,N,3급대상,6,1,Y
[동별] 우찬현대아파트102동,우찬현대아파트,서울특별시 강남구 개포동 1260-4,서울특별시 강남구 개포로31길 9-5,공동주택,Y,1295.7,10.0,N,N,N,강남소방서,20060626.0,N,3급대상,6,1,Y
[개황] 우찬현대아파트101동,우찬현대아파트101동,서울특별시 강남구 개포동 1260-11,서울특별시 강남구 개포로31길 3-12,공동주택,Y,1945.64,15.0,N,N,N,강남소방서,20060626.0,N,3급대상,6,1,Y
[동별] 우찬현대아파트101동,우찬현대아파트,서울특별시 강남구 개포동 1260-11,서울특별시 강남구 개포로31길 3-12,공동주택,Y,1945.64,15.0,N,N,N,강남소방서,20060626.0,N,3급대상,6,1,Y
[개황] 개포동 1210-4건물,개포동 1210-4건물,서울특별시 강남구 개포동 1210-4,서울특별시 강남구 개포로36길 14,근린생활시설,N,463.63,0.0,N,N,N,강남소방서,20060608.0,N,3급대상,3,1,Y
[동별] 개포동 1210-4건물,개포동 1210-4건물,서울특별시 강남구 개포동 1210-4,서울특별시 강남구 개포로36길 14,근린생활시설,N,463.63,0.0,N,N,N,강남소방서,20060608.0,N,3급대상,3,1,Y
[개황] 문화빌딩,문화빌딩,서울특별시 강남구 개포동 1239-17,서울특별시 강남구 논현로 98,복합건축물,N,3239.49,,Y,N,Y,강남소방서,20060731.0,N,2급대상,6,1,Y
[동별] 문화빌딩,문화빌딩,서울특별시 강남구 개포동 1239-17,서울특별시 강남구 논현로 98,복합건축물,N,3239.49,,Y,N,Y,강남소방서,20060731.0,N,2급대상,6,1,Y
[개황] 우찬현대아파트(103동),우찬현대아파트(103동),서울특별시 강남구 개포동 1260-2,서울특별시 강남구 개포로31길 9-9,공동주택,Y,1295.7,10.0,N,N,N,강남소방서,20060626.0,N,3급대상,5,1,Y
[동별] 우찬현대아파트(103동),우찬현대아파트,서울특별시 강남구 개포동 1260-2,서울특별시 강남구 개포로31길 9-9,공동주택,Y,1295.7,10.0,N,N,N,강남소방서,20060626.0,N,3급대상,5,1,Y
[개황] 한영빌딩,한영빌딩,서울특별시 강남구 개포동 1259,서울특별시 강남구 개포로 235,복합건축물,N,1374.79,,N,N,N,강남소방서,20060814.0,N,2급대상,6,2,Y
[동별] 한영빌딩,한영빌딩,서울특별시 강남구 개포동 1259,서울특별시 강남구 개포로 235,복합건축물,N,1374.79,,N,N,N,강남소방서,20060814.0,N,2급대상,6,2,Y
[개황] 보성빌딩,보성빌딩,서울특별시 강남구 개포동 1229,서울특별시 강남구 논현로 90,복합건축물,N,1575.6,,N,N,N,강남소방서,20060920.0,N,2급대상,6,2,Y
[동별] 보성빌딩,네비스메디칼 건물,서울특별시 강남구 개포동 1229,서울특별시 강남구 논현로 90,복합건축물,N,1575.6,,N,N,N,강남소방서,20060920.0,N,2급대상,6,2,Y
[개황] 인(IN)빌딩(인터메츠사옥),인(IN)빌딩(인터메츠사옥),서울특별시 강남구 개포동 1191-2,서울특별시 강남구 논현로 22,복합건축물,N,1119.0,0.0,N,N,N,강남소방서,20060921.0,N,3급대상,6,1,Y
[동별] 인(IN)빌딩(인터메츠사옥),인터메츠사옥,서울특별시 강남구 개포동 1191-2,서울특별시 강남구 논현로 22,복합건축물,N,1119.0,0.0,N,N,N,강남소방서,20060921.0,N,3급대상,6,1,Y
[개황] 제일빌딩,제일빌딩,서울특별시 강남구 개포동 1237-18,서울특별시 강남구 논현로18길 11,근린생활시설,N,1185.38,0.0,Y,N,N,강남소방서,20070110.0,N,3급대상,6,1,Y
[동별] 제일빌딩,제일빌딩,서울특별시 강남구 개포동 1237-18,서울특별시 강남구 논현로18길 11,근린생활시설,N,1185.38,0.0,Y,N,N,강남소방서,20070110.0,N,3급대상,6,1,Y
[개황] 메디시스빌딩 구)리얼피엠,메디시스빌딩 구)리얼피엠,서울특별시 강남구 개포동 655-4,서울특별시 강남구 개포로 265,근린생활시설,N,4568.85,0.0,Y,N,N,강남소방서,20070118.0,N,2급대상,5,2,Y
[동별] 메디시스빌딩 구)리얼피엠,리얼피엠,서울특별시 강남구 개포동 655-4,서울특별시 강남구 개포로 265,근린생활시설,N,4568.85,0.0,Y,N,N,강남소방서,20070118.0,N,2급대상,5,2,Y
[개황] 아이뜰어린이집,아이뜰어린이집,서울특별시 강남구 개포동 1204-7,서울특별시 강남구 개포로22길 39-11,노유자시설,N,594.4,0.0,N,N,N,강남소방서,20070409.0,N,3급대상,4,1,Y
[동별] 아이뜰어린이집,아이뜰어린이집,서울특별시 강남구 개포동 1204-7,서울특별시 강남구 개포로22길 39-11,노유자시설,N,594.4,0.0,N,N,N,강남소방서,20070409.0,N,3급대상,4,1,Y
[개황] 정진빌딩,정진빌딩,서울특별시 강남구 개포동 1240-5,서울특별시 강남구 개포로15길 3-4,근린생활시설,N,641.03,0.0,N,N,N,강남소방서,19900611.0,N,3급대상,4,1,Y
[동별] 정진빌딩,정진빌딩,서울특별시 강남구 개포동 1240-5,서울특별시 강남구 개포로15길 3-4,근린생활시설,N,641.03,0.0,N,N,N,강남소방서,19900611.0,N,3급대상,4,1,Y
[개황] 이화트론빌딩,이화트론빌딩,서울특별시 강남구 개포동 1212-6,서울특별시 강남구 개포로 256,근린생활시설,N,1553.81,0.0,N,N,N,강남소방서,20080312.0,N,2급대상,6,1,Y
[동별] 이화트론빌딩,영화기업(주) 건물,서울특별시 강남구 개포동 1212-6,서울특별시 강남구 개포로 256,근린생활시설,N,1553.81,0.0,N,N,N,강남소방서,20080312.0,N,2급대상,6,1,Y
[개황] 동우빌딩,동우빌딩,서울특별시 강남구 개포동 1217-4,서울특별시 강남구 개포로 238,근린생활시설,N,2616.6,0.0,N,N,N,강남소방서,20080404.0,N,2급대상,6,1,Y
[동별] 동우빌딩,동우빌딩,서울특별시 강남구 개포동 1217-4,서울특별시 강남구 개포로 238,근린생활시설,N,2616.6,0.0,N,N,N,강남소방서,20080404.0,N,2급대상,6,1,Y
[개황] 정산빌딩,정산빌딩,서울특별시 강남구 개포동 1183-4,서울특별시 강남구 개포로22길 98,근린생활시설,N,875.58,0.0,N,N,N,강남소방서,19900906.0,N,3급대상,4,1,Y
[동별] 정산빌딩,정산빌딩(구.황인하씨 건물),서울특별시 강남구 개포동 1183-4,서울특별시 강남구 개포로22길 98,근린생활시설,N,875.58,0.0,N,N,N,강남소방서,19900905.0,N,3급대상,4,1,Y
[개황] 개포빌딩,개포빌딩,서울특별시 강남구 개포동 1187-3,서울특별시 강남구 논현로10길 18,근린생활시설,N,692.35,0.0,N,N,N,강남소방서,20081007.0,N,3급대상,4,1,Y
[동별] 개포빌딩,개포빌딩,서울특별시 강남구 개포동 1187-3,서울특별시 강남구 논현로10길 18,근린생활시설,N,692.35,0.0,N,N,N,강남소방서,20081007.0,N,3급대상,4,1,Y
[개황] 강희경 건물,강희경 건물,서울특별시 강남구 개포동 1231-24,서울특별시 강남구 개포로 222,근린생활시설,N,948.86,0.0,N,N,N,강남소방서,20081024.0,N,3급대상,5,1,Y
[동별] 강희경 건물,강희경 건물,서울특별시 강남구 개포동 1231-24,서울특별시 강남구 개포로 222,근린생활시설,N,948.86,0.0,N,N,N,강남소방서,20081024.0,N,3급대상,5,1,Y
[개황] JS빌딩,JS빌딩,서울특별시 강남구 개포동 158-12,서울특별시 강남구 선릉로 26,복합건축물,N,2003.69,0.0,Y,N,N,강남소방서,20081024.0,N,2급대상,8,3,Y
[동별] JS빌딩,JS빌딩,서울특별시 강남구 개포동 158-12,서울특별시 강남구 선릉로 26,복합건축물,N,2003.69,0.0,Y,N,N,강남소방서,20081024.0,N,2급대상,8,3,Y
[개황] 청암빌딩,청암빌딩,서울특별시 강남구 개포동 1193-3,서울특별시 강남구 논현로12길 8,근린생활시설,N,683.79,0.0,N,N,N,강남소방서,20081114.0,N,3급대상,4,1,Y
[동별] 청암빌딩,손종여 건물,서울특별시 강남구 개포동 1193-3,서울특별시 강남구 논현로12길 8,근린생활시설,N,683.79,0.0,N,N,N,강남소방서,20081114.0,N,3급대상,4,1,Y
[개황] 강남구장애인문화복지관,강남구장애인문화복지관,서울특별시 강남구 개포동 12-10,서울특별시 강남구 개포로 605,노유자시설,N,2382.91,0.0,Y,N,Y,강남소방서,20081130.0,N,2급대상,4,3,Y
[동별] 강남구장애인문화복지관,강남구 장애인 문화복지시설,서울특별시 강남구 개포동 12-10,서울특별시 강남구 개포로 605,노유자시설,N,2382.91,0.0,Y,N,Y,강남소방서,20081130.0,N,2급대상,4,3,Y
[개황] 대청역 공영주차장,대청역 공영주차장,서울특별시 강남구 개포동 13-2,서울특별시 강남구 개포로 623-1,항공기및자동차관련시설,N,3262.7,0.0,N,N,Y,강남소방서,20091014.0,N,2급대상,3,0,Y
[동별] 대청역 공영주차장,대청역 공영주차장,서울특별시 강남구 개포동 13-2,서울특별시 강남구 개포로 623-1,항공기및자동차관련시설,N,3262.7,0.0,N,N,Y,강남소방서,20091014.0,N,2급대상,3,0,Y
[개황] 개포2동주민센터,개포2동주민센터,서울특별시 강남구 개포동 182,서울특별시 강남구 개포로 511,업무시설,N,2790.85,0.0,Y,N,N,강남소방서,20091024.0,N,2급대상,4,3,Y
[동별] 개포2동주민센터,개포2문화센터,서울특별시 강남구 개포동 182,서울특별시 강남구 개포로 511,업무시설,N,2790.85,0.0,Y,N,N,강남소방서,20091024.0,N,2급대상,4,3,Y
[개황] 럭키하우스,럭키하우스,서울특별시 강남구 개포동 1236-8,서울특별시 강남구 논현로18길 10-18,근린생활시설,N,778.5,0.0,N,N,N,강남소방서,20110211.0,N,3급대상,6,0,Y
[동별] 럭키하우스,럭키하우스,서울특별시 강남구 개포동 1236-8,서울특별시 강남구 논현로18길 10-18,근린생활시설,N,778.5,0.0,N,N,N,강남소방서,20110211.0,N,3급대상,6,0,Y
[개황] 일영빌딩,일영빌딩,서울특별시 강남구 개포동 158,서울특별시 강남구 선릉로 28,근린생활시설,N,1367.63,0.0,Y,N,N,강남소방서,20120106.0,N,3급대상,8,2,Y
[동별] 일영빌딩,일영빌딩(송병일 건물),서울특별시 강남구 개포동 158,서울특별시 강남구 선릉로 28,근린생활시설,N,1367.63,0.0,Y,N,N,강남소방서,20120106.0,N,3급대상,8,2,Y
[개황] 친환경식품유통센터,친환경식품유통센터,서울특별시 강남구 개포동 1197-2,서울특별시 강남구 논현로10길 29,복합건축물,N,12684.59,,Y,Y,N,강남소방서,20120615.0,N,2급대상,5,3,Y
[동별] 친환경식품유통센터,친환경식품유통센터,서울특별시 강남구 개포동 1197-2,서울특별시 강남구 논현로10길 29,복합건축물,N,12684.59,,Y,Y,N,강남소방서,20120615.0,N,2급대상,5,3,Y
[개황] 세영빌딩,세영빌딩,서울특별시 강남구 개포동 1187-4,서울특별시 강남구 논현로10길 20,근린생활시설,N,839.75,0.0,Y,N,N,강남소방서,20120621.0,N,3급대상,6,1,Y
[동별] 세영빌딩,세영빌딩,서울특별시 강남구 개포동 1187-4,서울특별시 강남구 논현로10길 20,근린생활시설,N,839.75,0.0,Y,N,N,강남소방서,19940930.0,N,3급대상,6,1,Y
[개황] 한울안빌리지(원불교서울교구),한울안빌리지(원불교서울교구),서울특별시 강남구 개포동 1163-4,서울특별시 강남구 논현로 10,종교시설,N,1102.75,0.0,Y,N,N,강남소방서,20130307.0,N,2급대상,7,1,Y
[동별] 한울안빌리지(원불교서울교구),원불교서울교구,서울특별시 강남구 개포동 1163-4,서울특별시 강남구 논현로 10,종교시설,N,1102.75,0.0,Y,N,N,강남소방서,20130307.0,N,2급대상,7,1,Y
[개황] 장원빌라(2개동),장원빌라(2개동),서울특별시 강남구 개포동 1219-3,서울특별시 강남구 개포로22길 36,공동주택,Y,1296.37,20.0,N,N,N,강남소방서,20130614.0,N,3급대상,6,0,Y
[동별] 장원빌라(2개동),장원 101동,서울특별시 강남구 개포동 1219-3,서울특별시 강남구 개포로22길 36,공동주택,Y,640.2,10.0,N,N,N,강남소방서,20130614.0,N,3급대상,6,0,Y
[동별] 장원빌라(2개동),장원 102동,서울특별시 강남구 개포동 1219-3,서울특별시 강남구 개포로22길 36,공동주택,Y,656.17,10.0,N,N,N,강남소방서,20130614.0,N,3급대상,6,0,Y
[개황] 화남하우스,화남하우스,서울특별시 강남구 개포동 1193-2,서울특별시 강남구 논현로12길 6,근린생활시설,N,667.78,0.0,N,N,N,강남소방서,20131025.0,N,3급대상,5,1,Y
[동별] 화남하우스,화남하우스,서울특별시 강남구 개포동 1193-2,서울특별시 강남구 논현로12길 6,근린생활시설,N,667.78,0.0,N,N,N,강남소방서,20131025.0,N,3급대상,5,1,Y
[개황] 까사델리아,까사델리아,서울특별시 강남구 개포동 1203-2,서울특별시 강남구 개포로22길 39-6,복합건축물,N,939.1,,N,N,N,강남소방서,20140418.0,N,3급대상,4,1,Y
[동별] 까사델리아,송제혁 외1인 건물,서울특별시 강남구 개포동 1203-2,서울특별시 강남구 개포로22길 39-6,복합건축물,N,939.1,,N,N,N,강남소방서,20140418.0,N,3급대상,4,1,Y
[개황] 초원교회 교육관,초원교회 교육관,서울특별시 강남구 개포동 1222-7,서울특별시 강남구 논현로16길 14-11,복합건축물,N,1367.42,0.0,N,N,N,강남소방서,20140519.0,N,2급대상,6,2,Y
[동별] 초원교회 교육관,초원교회 건물,서울특별시 강남구 개포동 1222-7,서울특별시 강남구 논현로16길 14-11,복합건축물,N,1367.42,0.0,N,N,N,강남소방서,20140519.0,N,2급대상,6,2,Y
[개황] 개포동아우디서비스센터,개포동아우디서비스센터,서울특별시 강남구 개포동 1237,서울특별시 강남구 논현로18길 9,항공기및자동차관련시설,N,9609.52,0.0,Y,Y,N,강남소방서,20160106.0,N,2급대상,6,3,Y
[동별] 개포동아우디서비스센터,개포동 Audi 서비스센터 주건축물 제1동,서울특별시 강남구 개포동 1237,서울특별시 강남구 논현로18길 9,항공기및자동차관련시설,N,9609.52,0.0,Y,Y,N,강남소방서,20160106.0,N,2급대상,6,3,Y
[개황] 개포동1229-16건물,개포동1229-16건물,서울특별시 강남구 개포동 1229-16,서울특별시 강남구 논현로20길 4-36,근린생활시설,N,744.22,0.0,N,N,N,강남소방서,20230809.0,N,3급대상,5,1,Y
[동별] 개포동1229-16건물,개포동 1229-16건물,서울특별시 강남구 개포동 1229-16,서울특별시 강남구 논현로20길 4-36,근린생활시설,N,744.22,0.0,N,N,N,강남소방서,20230809.0,N,3급대상,5,1,Y
[개황] 김태완건물,김태완건물,서울특별시 강남구 개포동 166-1,서울특별시 강남구 선릉로10길 8,근린생활시설,N,920.75,0.0,N,N,N,강남소방서,19900908.0,N,3급대상,5,1,Y
[동별] 김태완건물,삼원 빌딩,서울특별시 강남구 개포동 166-1,서울특별시 강남구 선릉로10길 8,근린생활시설,N,920.75,0.0,N,N,N,강남소방서,19900908.0,N,3급대상,5,1,Y
[개황] 평안빌딩,평안빌딩,서울특별시 강남구 개포동 1192-3,서울특별시 강남구 논현로10길 8,근린생활시설,N,830.98,0.0,N,N,N,강남소방서,19901214.0,N,2급대상,6,1,Y
[동별] 평안빌딩,평안빌딩,서울특별시 강남구 개포동 1192-3,서울특별시 강남구 논현로10길 8,근린생활시설,N,830.98,0.0,N,N,N,강남소방서,19901214.0,N,2급대상,6,1,Y
[개황] HC건물,HC건물,서울특별시 강남구 개포동 1189-11,서울특별시 강남구 논현로6길 11,근린생활시설,N,708.63,0.0,N,N,N,강남소방서,20150820.0,N,3급대상,5,1,Y
[동별] HC건물,HC빌딩,서울특별시 강남구 개포동 1189-11,서울특별시 강남구 논현로6길 11,근린생활시설,N,708.63,0.0,N,N,N,강남소방서,20150820.0,N,3급대상,5,1,Y
[개황] 데님관광호텔,데님관광호텔,서울특별시 강남구 개포동 1229-14,서울특별시 강남구 논현로 66,숙박시설,N,7500.02,0.0,Y,Y,N,강남소방서,20141224.0,N,2급대상,8,4,Y
[동별] 데님관광호텔,데님관광호텔,서울특별시 강남구 개포동 1229-14,서울특별시 강남구 논현로 66,숙박시설,N,7500.02,0.0,Y,Y,N,강남소방서,20141224.0,N,2급대상,8,4,Y
[개황] 호텔컬리넌개포점,호텔컬리넌개포점,서울특별시 강남구 개포동 1229-8,서울특별시 강남구 논현로 74-1,숙박시설,N,1627.92,0.0,Y,N,N,강남소방서,20170523.0,N,2급대상,8,2,Y
[동별] 호텔컬리넌개포점,호텔컬리넌개포점,서울특별시 강남구 개포동 1229-8,서울특별시 강남구 논현로 74-1,숙박시설,N,1627.92,0.0,Y,N,N,강남소방서,20170523.0,N,2급대상,8,2,Y
[개황] 메트하임오피스텔,메트하임오피스텔,서울특별시 강남구 개포동 186-13,서울특별시 강남구 개포로 504,업무시설,N,10846.63,0.0,Y,Y,N,강남소방서,20181204.0,N,1급대상,17,6,Y
[동별] 메트하임오피스텔,메트하임,서울특별시 강남구 개포동 186-13,서울특별시 강남구 개포로 504,업무시설,N,10846.63,0.0,Y,Y,N,강남소방서,20181204.0,N,1급대상,17,6,Y
[개황] 동원어린이집,동원어린이집,서울특별시 강남구 개포동 1239-4,서울특별시 강남구 개포로15길 29,노유자시설,N,1358.81,0.0,Y,N,N,강남소방서,20161010.0,N,2급대상,5,1,Y
[동별] 동원어린이집,동원어린이집,서울특별시 강남구 개포동 1239-4,서울특별시 강남구 개포로15길 29,노유자시설,N,1358.81,0.0,Y,N,N,강남소방서,20161010.0,N,2급대상,5,1,Y
[개황] 소우주요양병원,소우주요양병원,서울특별시 강남구 개포동 1230-12,서울특별시 강남구 논현로16길 15,의료시설,N,885.33,0.0,Y,Y,N,강남소방서,20170317.0,N,2급대상,4,2,Y
[동별] 소우주요양병원,소우주요양병원,서울특별시 강남구 개포동 1230-12,서울특별시 강남구 논현로16길 15,의료시설,N,885.33,0.0,Y,Y,N,강남소방서,20170317.0,N,2급대상,4,2,Y
[개황] 노블리스 주 빌딩,노블리스 주 빌딩,서울특별시 강남구 개포동 1184-4,서울특별시 강남구 개포로22길 72,근린생활시설,N,2454.42,0.0,Y,N,N,강남소방서,20190328.0,N,2급대상,8,1,Y
[동별] 노블리스 주 빌딩,1,서울특별시 강남구 개포동 1184-4,서울특별시 강남구 개포로22길 72,복합건축물,N,2454.42,0.0,Y,N,N,강남소방서,20190530.0,N,2급대상,8,1,Y
[개황] 하우징허브럭스((주)이명건설건물),하우징허브럭스((주)이명건설건물),서울특별시 강남구 개포동 1229-10,서울특별시 강남구 논현로 72,업무시설,N,1723.14,0.0,N,N,N,강남소방서,20170228.0,N,2급대상,7,2,Y
[동별] 하우징허브럭스((주)이명건설건물),1,서울특별시 강남구 개포동 1229-10,서울특별시 강남구 논현로 72,업무시설,N,1723.14,0.0,N,N,N,강남소방서,20170228.0,N,2급대상,7,2,Y
[개황] 유성빌딩,유성빌딩,서울특별시 강남구 개포동 1169-3,서울특별시 강남구 논현로6길 10-10,근린생활시설,N,861.34,0.0,N,N,N,강남소방서,20050218.0,N,3급대상,5,1,Y
[동별] 유성빌딩,대표동,서울특별시 강남구 개포동 1169-3,서울특별시 강남구 논현로6길 10-10,근린생활시설,N,861.34,0.0,N,N,N,강남소방서,20050218.0,N,3급대상,5,1,Y
[개황] 아택본빌딩,아택본빌딩,서울특별시 강남구 개포동 1257-12,서울특별시 강남구 개포로21길 6,근린생활시설,N,616.8,0.0,N,N,N,강남소방서,20170418.0,N,3급대상,6,1,Y
[동별] 아택본빌딩,1,서울특별시 강남구 개포동 1257-12,서울특별시 강남구 개포로21길 6,근린생활시설,N,616.8,0.0,N,N,N,강남소방서,20170418.0,N,3급대상,6,1,Y
[개황] 까사밀라,까사밀라,서울특별시 강남구 개포동 1257,서울특별시 강남구 개포로21길 10,근린생활시설,N,614.43,0.0,N,N,N,강남소방서,20160817.0,N,3급대상,5,0,Y
[동별] 까사밀라,1,서울특별시 강남구 개포동 1257,서울특별시 강남구 개포로21길 10,근린생활시설,N,614.43,0.0,N,N,N,강남소방서,20060817.0,N,3급대상,5,0,Y
"[개황] 디에이치아너힐즈(1,320세대)","디에이치아너힐즈(1,320세대)",서울특별시 강남구 개포동 1281,서울특별시 강남구 삼성로 11,공동주택,N,145114.9,0.0,Y,Y,Y,강남소방서,20190829.0,N,1급대상,33,29,Y
"[동별] 디에이치아너힐즈(1,320세대)",301,서울특별시 강남구 개포동 1281,서울특별시 강남구 삼성로 11,공동주택,N,3489.89,0.0,Y,N,N,강남소방서,20190829.0,N,1급대상,6,2,Y
"[동별] 디에이치아너힐즈(1,320세대)",상가동,서울특별시 강남구 개포동 1281,서울특별시 강남구 삼성로 11,근린생활시설,N,3036.29,0.0,Y,N,N,강남소방서,20190829.0,N,1급대상,1,3,Y
"[동별] 디에이치아너힐즈(1,320세대)",302,서울특별시 강남구 개포동 1281,서울특별시 강남구 삼성로 11,공동주택,N,8895.79,0.0,Y,Y,N,강남소방서,20190829.0,N,1급대상,28,2,Y
"[동별] 디에이치아너힐즈(1,320세대)",303,서울특별시 강남구 개포동 1281,서울특별시 강남구 삼성로 11,공동주택,N,3711.11,0.0,Y,Y,N,강남소방서,20190829.0,N,1급대상,23,2,Y
"[동별] 디에이치아너힐즈(1,320세대)",304,서울특별시 강남구 개포동 1281,서울특별시 강남구 삼성로 11,공동주택,N,2944.39,0.0,Y,Y,N,강남소방서,20190829.0,N,1급대상,18,2,Y
"[동별] 디에이치아너힐즈(1,320세대)",305,서울특별시 강남구 개포동 1281,서울특별시 강남구 삼성로 11,공동주택,N,6016.1,0.0,Y,Y,N,강남소방서,20190829.0,N,1급대상,29,2,Y
"[동별] 디에이치아너힐즈(1,320세대)",306,서울특별시 강남구 개포동 1281,서울특별시 강남구 삼성로 11,공동주택,N,4346.74,0.0,Y,Y,N,강남소방서,20190829.0,N,1급대상,20,2,Y
"[동별] 디에이치아너힐즈(1,320세대)",307,서울특별시 강남구 개포동 1281,서울특별시 강남구 삼성로 11,공동주택,N,6021.89,0.0,Y,Y,N,강남소방서,20190829.0,N,1급대상,29,2,Y
"[동별] 디에이치아너힐즈(1,320세대)",308,서울특별시 강남구 개포동 1281,서울특별시 강남구 삼성로 11,공동주택,N,4369.74,0.0,Y,Y,N,강남소방서,20190829.0,N,1급대상,20,2,Y
"[동별] 디에이치아너힐즈(1,320세대)",309,서울특별시 강남구 개포동 1281,서울특별시 강남구 삼성로 11,공동주택,N,6021.89,0.0,Y,Y,N,강남소방서,20190829.0,N,1급대상,29,2,Y
"[동별] 디에이치아너힐즈(1,320세대)",310,서울특별시 강남구 개포동 1281,서울특별시 강남구 삼성로 11,공동주택,N,4346.74,0.0,Y,Y,N,강남소방서,20190829.0,N,1급대상,20,3,Y
"[동별] 디에이치아너힐즈(1,320세대)",311,서울특별시 강남구 개포동 1281,서울특별시 강남구 삼성로 11,공동주택,N,6021.89,0.0,Y,Y,N,강남소방서,20190829.0,N,1급대상,29,2,Y
"[동별] 디에이치아너힐즈(1,320세대)",312,서울특별시 강남구 개포동 1281,서울특별시 강남구 삼성로 11,공동주택,N,3453.57,0.0,Y,Y,N,강남소방서,20190829.0,N,1급대상,21,3,Y
"[동별] 디에이치아너힐즈(1,320세대)",313,서울특별시 강남구 개포동 1281,서울특별시 강남구 삼성로 11,공동주택,N,6021.89,0.0,Y,Y,N,강남소방서,20190829.0,N,1급대상,29,3,Y
"[동별] 디에이치아너힐즈(1,320세대)",314,서울특별시 강남구 개포동 1281,서울특별시 강남구 삼성로 11,공동주택,N,4346.74,0.0,Y,Y,N,강남소방서,20190829.0,N,1급대상,20,3,Y
"[동별] 디에이치아너힐즈(1,320세대)",315,서울특별시 강남구 개포동 1281,서울특별시 강남구 삼성로 11,공동주택,N,4858.49,0.0,Y,Y,N,강남소방서,20190829.0,N,1급대상,3,29,Y
"[동별] 디에이치아너힐즈(1,320세대)",316,서울특별시 강남구 개포동 1281,서울특별시 강남구 삼성로 11,공동주택,N,3394.54,0.0,Y,Y,N,강남소방서,20190829.0,N,1급대상,20,3,Y
"[동별] 디에이치아너힐즈(1,320세대)",317,서울특별시 강남구 개포동 1281,서울특별시 강남구 삼성로 11,공동주택,N,11863.3,0.0,Y,Y,N,강남소방서,20190829.0,N,1급대상,28,3,Y
"[동별] 디에이치아너힐즈(1,320세대)",318,서울특별시 강남구 개포동 1281,서울특별시 강남구 삼성로 11,공동주택,N,18618.59,0.0,Y,Y,N,강남소방서,20190829.0,N,1급대상,33,3,Y
"[동별] 디에이치아너힐즈(1,320세대)",319,서울특별시 강남구 개포동 1281,서울특별시 강남구 삼성로 11,공동주택,N,599.8,0.0,Y,N,N,강남소방서,20190829.0,N,1급대상,2,2,Y
"[동별] 디에이치아너힐즈(1,320세대)",320,서울특별시 강남구 개포동 1281,서울특별시 강남구 삼성로 11,공동주택,N,16606.9,0.0,Y,Y,Y,강남소방서,20190829.0,N,1급대상,33,3,Y
"[동별] 디에이치아너힐즈(1,320세대)",321,서울특별시 강남구 개포동 1281,서울특별시 강남구 삼성로 11,공동주택,N,718.77,0.0,Y,N,N,강남소방서,20190829.0,N,1급대상,3,2,Y
"[동별] 디에이치아너힐즈(1,320세대)",322,서울특별시 강남구 개포동 1281,서울특별시 강남구 삼성로 11,공동주택,N,10879.16,0.0,Y,Y,N,강남소방서,20190829.0,N,1급대상,28,2,Y
"[동별] 디에이치아너힐즈(1,320세대)",323,서울특별시 강남구 개포동 1281,서울특별시 강남구 삼성로 11,공동주택,N,4530.69,0.0,Y,N,N,강남소방서,20190829.0,N,1급대상,7,2,Y
[개황] 세진에너지㈜개포주유소,세진에너지㈜개포주유소,서울특별시 강남구 개포동 1164-2,서울특별시 강남구 양재대로 339,위험물저장및처리시설,N,1610.53,0.0,N,N,N,강남소방서,19891124.0,N,3급대상,5,1,Y
[동별] 세진에너지㈜개포주유소,개포주유소,서울특별시 강남구 개포동 1164-2,서울특별시 강남구 양재대로 339,위험물저장및처리시설,N,1610.53,0.0,N,N,N,강남소방서,19891124.0,N,3급대상,5,1,Y
[개황] 케이제이컴퍼니,케이제이컴퍼니,서울특별시 강남구 개포동 1223,서울특별시 강남구 논현로14길 18,근린생활시설,N,821.48,0.0,N,N,N,강남소방서,19911216.0,N,3급대상,5,1,Y
[동별] 케이제이컴퍼니,의정빌딩,서울특별시 강남구 개포동 1223,서울특별시 강남구 논현로14길 18,근린생활시설,N,821.48,0.0,N,N,N,강남소방서,19911216.0,N,3급대상,5,1,Y
[개황] YH빌리지,YH빌리지,서울특별시 강남구 개포동 1237-8,서울특별시 강남구 논현로20길 22,업무시설,N,910.55,0.0,N,N,N,강남소방서,20170908.0,N,3급대상,6,1,Y
[동별] YH빌리지,1,서울특별시 강남구 개포동 1237-8,서울특별시 강남구 논현로20길 22,업무시설,N,910.55,0.0,N,N,N,강남소방서,20170908.0,N,3급대상,6,1,Y
[개황] 아택원빌딩,아택원빌딩,서울특별시 강남구 개포동 1237-16,서울특별시 강남구 논현로18길 15,근린생활시설,N,1102.91,0.0,N,N,N,강남소방서,20180502.0,N,3급대상,6,1,Y
[동별] 아택원빌딩,아택원빌딩,서울특별시 강남구 개포동 1237-16,서울특별시 강남구 논현로18길 15,근린생활시설,N,1102.91,0.0,N,N,N,강남소방서,20080502.0,N,3급대상,6,1,Y
[개황] 골드캐슬,골드캐슬,서울특별시 강남구 개포동 1164,서울특별시 강남구 논현로2길 6,복합건축물,N,819.38,0.0,N,N,N,강남소방서,20171107.0,N,3급대상,5,1,Y
[동별] 골드캐슬,1,서울특별시 강남구 개포동 1164,서울특별시 강남구 논현로2길 6,공동주택,N,819.38,0.0,N,N,N,강남소방서,,N,3급대상,5,1,Y
[개황] 개포래미안포레스트,개포래미안포레스트,서울특별시 강남구 개포동 1282,서울특별시 강남구 개포로 264,공동주택,Y,247705.57,1986.0,Y,Y,N,강남소방서,20200928.0,N,1급대상,35,5,Y
[동별] 개포래미안포레스트,101동,서울특별시 강남구 개포동 1282,서울특별시 강남구 개포로 264,공동주택,Y,5036.15,65.0,Y,Y,N,강남소방서,20201021.0,N,1급대상,14,5,Y
[동별] 개포래미안포레스트,102동,서울특별시 강남구 개포동 656-4,서울특별시 강남구 개포로 264,공동주택,Y,4767.55,65.0,Y,Y,N,강남소방서,20201021.0,N,1급대상,16,3,Y
[동별] 개포래미안포레스트,103동,서울특별시 강남구 개포동 656-4,서울특별시 강남구 개포로 264,공동주택,Y,5598.35,65.0,Y,Y,N,강남소방서,20201021.0,N,1급대상,18,3,Y
[동별] 개포래미안포레스트,104동,서울특별시 강남구 개포동 656-4,서울특별시 강남구 개포로 264,공동주택,Y,16302.21,65.0,Y,Y,N,강남소방서,20201021.0,N,1급대상,33,3,Y
[동별] 개포래미안포레스트,105동,서울특별시 강남구 개포동 656-4,서울특별시 강남구 개포로 264,공동주택,Y,2970.72,56.0,Y,Y,N,강남소방서,20201021.0,N,1급대상,14,3,Y
[동별] 개포래미안포레스트,106동,서울특별시 강남구 개포동 656-4,서울특별시 강남구 개포로 264,공동주택,Y,5203.61,65.0,Y,Y,N,강남소방서,20201021.0,N,1급대상,14,3,Y
[동별] 개포래미안포레스트,107동,서울특별시 강남구 개포동 656-4,서울특별시 강남구 개포로 264,공동주택,Y,4465.78,65.0,Y,Y,N,강남소방서,20201021.0,N,1급대상,14,3,Y
[동별] 개포래미안포레스트,108동,서울특별시 강남구 개포동 656-4,서울특별시 강남구 개포로 264,공동주택,Y,4800.7,65.0,Y,Y,N,강남소방서,20201021.0,N,1급대상,15,3,Y
[동별] 개포래미안포레스트,109동,서울특별시 강남구 개포동 656-4,서울특별시 강남구 개포로 264,공동주택,Y,15842.71,65.0,Y,Y,N,강남소방서,20201021.0,N,1급대상,33,3,Y
[동별] 개포래미안포레스트,110동,서울특별시 강남구 개포동 656-4,서울특별시 강남구 개포로 264,공동주택,Y,5610.61,65.0,Y,Y,N,강남소방서,20201021.0,N,1급대상,14,3,Y
[동별] 개포래미안포레스트,111동,서울특별시 강남구 개포동 656-4,서울특별시 강남구 개포로 264,공동주택,Y,4146.71,65.0,Y,Y,N,강남소방서,20201021.0,N,1급대상,14,3,Y
[동별] 개포래미안포레스트,112동,서울특별시 강남구 개포동 656-4,서울특별시 강남구 개포로 264,공동주택,Y,4812.41,56.0,Y,Y,N,강남소방서,20201021.0,N,1급대상,13,4,Y
[동별] 개포래미안포레스트,113동,서울특별시 강남구 개포동 656-4,서울특별시 강남구 개포로 264,공동주택,Y,2441.35,65.0,Y,Y,N,강남소방서,20201021.0,N,1급대상,13,4,Y
[동별] 개포래미안포레스트,114동,서울특별시 강남구 개포동 656-4,서울특별시 강남구 개포로 264,공동주택,Y,18156.83,65.0,Y,Y,N,강남소방서,20201021.0,N,1급대상,35,4,Y
[동별] 개포래미안포레스트,115동,서울특별시 강남구 개포동 656-4,서울특별시 강남구 개포로 264,공동주택,Y,20945.06,99.0,Y,Y,N,강남소방서,20200908.0,N,1급대상,35,3,Y
[동별] 개포래미안포레스트,116동,서울특별시 강남구 개포동 656-4,서울특별시 강남구 개포로 264,공동주택,Y,6379.57,65.0,Y,Y,N,강남소방서,20201021.0,N,1급대상,19,3,Y
[동별] 개포래미안포레스트,117동,서울특별시 강남구 개포동 656-4,서울특별시 강남구 개포로 264,공동주택,Y,4485.62,65.0,Y,Y,N,강남소방서,20201021.0,N,1급대상,12,3,Y
[동별] 개포래미안포레스트,118동,서울특별시 강남구 개포동 656-4,서울특별시 강남구 개포로 264,공동주택,Y,11941.12,65.0,Y,Y,N,강남소방서,20201021.0,N,1급대상,29,3,Y
[동별] 개포래미안포레스트,119동,서울특별시 강남구 개포동 656-4,서울특별시 강남구 개포로 264,공동주택,Y,19139.17,56.0,Y,Y,N,강남소방서,20201021.0,N,1급대상,34,3,Y
[동별] 개포래미안포레스트,120동,서울특별시 강남구 개포동 656-4,서울특별시 강남구 개포로 264,공동주택,Y,10916.27,65.0,Y,Y,N,강남소방서,20201021.0,N,1급대상,20,4,Y
[동별] 개포래미안포레스트,121동,서울특별시 강남구 개포동 656-4,서울특별시 강남구 개포로 264,공동주택,Y,3200.25,56.0,Y,Y,N,강남소방서,20201021.0,N,1급대상,10,3,Y
[동별] 개포래미안포레스트,122동,서울특별시 강남구 개포동 656-4,서울특별시 강남구 개포로 264,공동주택,Y,1827.58,65.0,Y,Y,N,강남소방서,20201021.0,N,1급대상,7,3,Y
[동별] 개포래미안포레스트,123동,서울특별시 강남구 개포동 656-4,서울특별시 강남구 개포로 264,공동주택,Y,4633.24,65.0,Y,Y,N,강남소방서,20201021.0,N,1급대상,15,3,Y
[동별] 개포래미안포레스트,124동,서울특별시 강남구 개포동 656-4,서울특별시 강남구 개포로 264,공동주택,Y,22656.04,56.0,Y,Y,N,강남소방서,20201021.0,N,1급대상,34,3,Y
[동별] 개포래미안포레스트,125동,서울특별시 강남구 개포동 656-4,서울특별시 강남구 개포로 264,공동주택,Y,1973.77,65.0,Y,Y,N,강남소방서,20201021.0,N,1급대상,7,3,Y
[동별] 개포래미안포레스트,126동,서울특별시 강남구 개포동 656-4,서울특별시 강남구 개포로 264,공동주택,Y,9647.66,56.0,Y,Y,N,강남소방서,20201021.0,N,1급대상,25,2,Y
[동별] 개포래미안포레스트,127동,서울특별시 강남구 개포동 656-4,서울특별시 강남구 개포로 264,공동주택,Y,6307.84,65.0,Y,Y,N,강남소방서,20201021.0,N,1급대상,21,2,Y
[동별] 개포래미안포레스트,128동,서울특별시 강남구 개포동 656-4,서울특별시 강남구 개포로 264,공동주택,Y,4481.63,56.0,Y,Y,N,강남소방서,20201021.0,N,1급대상,16,3,Y
[동별] 개포래미안포레스트,129동,서울특별시 강남구 개포동 656-4,서울특별시 강남구 개포로 264,공동주택,Y,7145.14,65.0,Y,Y,N,강남소방서,20201021.0,N,1급대상,22,3,Y
[동별] 개포래미안포레스트,130동,서울특별시 강남구 개포동 656-4,서울특별시 강남구 개포로 264,공동주택,Y,6264.65,65.0,Y,Y,N,강남소방서,20201021.0,N,1급대상,19,3,Y
[동별] 개포래미안포레스트,131동,서울특별시 강남구 개포동 656-4,서울특별시 강남구 개포로 264,공동주택,Y,3247.26,65.0,Y,Y,N,강남소방서,20201021.0,N,1급대상,15,3,Y
[동별] 개포래미안포레스트,개포래미안포레스트상가(1~3동),서울특별시 강남구 개포동 1282,서울특별시 강남구 개포로 264,근린생활시설,N,1495.04,0.0,Y,N,N,강남소방서,20200928.0,N,1급대상,1,1,Y
[동별] 개포래미안포레스트,다솔어린이집,서울특별시 강남구 개포동 1282,서울특별시 강남구 개포로 264,노유자시설,N,862.97,0.0,Y,N,N,강남소방서,20200928.0,N,1급대상,2,1,Y
[개황] 대한예수교장로회 개포동교회,대한예수교장로회 개포동교회,서울특별시 강남구 개포동 172-2,서울특별시 강남구 선릉로18길 8,종교시설,N,7577.9,0.0,Y,Y,N,강남소방서,20200609.0,N,2급대상,5,4,Y
[동별] 대한예수교장로회 개포동교회,1,서울특별시 강남구 개포동 172-2,서울특별시 강남구 선릉로18길 8,종교시설,N,7577.9,0.0,Y,Y,N,강남소방서,20200609.0,N,2급대상,5,4,Y
[개황] CCRU오피스텔,CCRU오피스텔,서울특별시 강남구 개포동 1229-6,서울특별시 강남구 논현로 78,복합건축물,N,2100.41,,Y,N,Y,강남소방서,20190801.0,N,2급대상,8,3,Y
[동별] CCRU오피스텔,CCRU 오피스텔,서울특별시 강남구 개포동 1229-6,서울특별시 강남구 논현로 78,복합건축물,N,2100.41,,Y,N,Y,강남소방서,20190801.0,N,2급대상,8,3,Y
[개황] 비버리하임,비버리하임,서울특별시 강남구 개포동 1193-5,서울특별시 강남구 논현로12길 14,공동주택,Y,1057.1,29.0,Y,N,N,강남소방서,20181112.0,N,2급대상,6,0,Y
[동별] 비버리하임,101,서울특별시 강남구 개포동 1193-5,서울특별시 강남구 논현로12길 14,공동주택,Y,527.51,15.0,Y,N,N,강남소방서,20181112.0,N,2급대상,6,0,Y
[동별] 비버리하임,102,서울특별시 강남구 개포동 1193-5,서울특별시 강남구 논현로12길 14,공동주택,Y,529.59,14.0,Y,N,N,강남소방서,20181112.0,N,2급대상,6,0,Y
[개황] 예가풍경채2차,예가풍경채2차,서울특별시 강남구 개포동 1218-12,서울특별시 강남구 개포로24길 32,공동주택,Y,526.04,14.0,Y,N,N,강남소방서,20190213.0,N,2급대상,6,0,Y
[동별] 예가풍경채2차,1,서울특별시 강남구 개포동 1218-12,서울특별시 강남구 개포로24길 32,공동주택,Y,526.04,14.0,Y,N,N,강남소방서,20190213.0,N,2급대상,6,0,Y
[개황] 스카이빌,스카이빌,서울특별시 강남구 개포동 1236-17,서울특별시 강남구 논현로20길 4-17,공동주택,N,659.31,0.0,Y,N,N,강남소방서,20201229.0,N,2급대상,6,0,Y
[동별] 스카이빌,스카이빌,서울특별시 강남구 개포동 1236-17,서울특별시 강남구 논현로20길 4-17,공동주택,N,659.31,0.0,Y,N,N,강남소방서,20201229.0,N,2급대상,6,0,Y
[개황] 예가풍경채3차,예가풍경채3차,서울특별시 강남구 개포동 1224-4,서울특별시 강남구 논현로14길 14,공동주택,Y,453.77,10.0,Y,N,N,강남소방서,20190822.0,N,2급대상,6,0,Y
[동별] 예가풍경채3차,예가풍경채 3차,서울특별시 강남구 개포동 1224-4,서울특별시 강남구 논현로14길 14,공동주택,Y,453.77,10.0,Y,N,N,강남소방서,20190822.0,N,2급대상,6,0,Y
[개황] 강남힐링센터 개포지점,강남힐링센터 개포지점,서울특별시 강남구 개포동 1281-1,서울특별시 강남구 삼성로3길 39,문화및집회시설,N,697.84,0.0,Y,N,N,강남소방서,20190829.0,N,2급대상,1,0,Y
[동별] 강남힐링센터 개포지점,개포힐링센터,서울특별시 강남구 개포동 1281-1,서울특별시 강남구 삼성로3길 39,문화및집회시설,N,697.84,0.0,Y,N,N,강남소방서,20190829.0,N,2급대상,1,0,Y
[개황] 아택서원빌딩,아택서원빌딩,서울특별시 강남구 개포동 1236-18,서울특별시 강남구 논현로20길 4-15,복합건축물,N,828.03,13.0,Y,N,N,강남소방서,20191210.0,N,2급대상,6,1,Y
[동별] 아택서원빌딩,아택서원빌딩,서울특별시 강남구 개포동 1236-18,서울특별시 강남구 논현로20길 4-15,복합건축물,N,828.03,13.0,Y,N,N,강남소방서,20191210.0,N,2급대상,6,1,Y
[개황] 강남드림빌,강남드림빌,서울특별시 강남구 개포동 1057-9,서울특별시 강남구 양재대로 344-27,노유자시설,N,2657.63,0.0,Y,N,N,강남소방서,20191231.0,N,2급대상,4,1,Y
[동별] 강남드림빌,강남드림빌,서울특별시 강남구 개포동 1057-9,서울특별시 강남구 양재대로 344-27,노유자시설,N,2657.63,0.0,Y,N,N,강남소방서,20191231.0,N,2급대상,4,1,Y
[개황] 금종빌딩,금종빌딩,서울특별시 강남구 개포동 1237-3,서울특별시 강남구 논현로20길 12,복합건축물,N,926.91,,Y,N,N,강남소방서,20200225.0,N,2급대상,6,1,Y
[동별] 금종빌딩,금종빌딩,서울특별시 강남구 개포동 1237-3,서울특별시 강남구 논현로20길 12,복합건축물,N,926.91,,Y,N,N,강남소방서,20200225.0,N,2급대상,6,1,Y
[개황] 안트레,안트레,서울특별시 강남구 개포동 1195-2,서울특별시 강남구 논현로12길 9-9,공동주택,N,545.69,0.0,Y,N,N,강남소방서,20200302.0,N,2급대상,6,1,Y
[동별] 안트레,개포동 1195-2건물,서울특별시 강남구 개포동 1195-2,서울특별시 강남구 논현로12길 9-9,공동주택,N,545.69,0.0,Y,N,N,강남소방서,20200302.0,N,2급대상,6,1,Y
[개황] 메이븐빌딩,메이븐빌딩,서울특별시 강남구 개포동 1194-5,서울특별시 강남구 논현로 40,근린생활시설,N,789.04,0.0,Y,N,N,강남소방서,20201224.0,N,2급대상,8,1,Y
[동별] 메이븐빌딩,메이븐빌딩,서울특별시 강남구 개포동 1194-5,서울특별시 강남구 논현로 40,근린생활시설,N,789.04,0.0,Y,N,N,강남소방서,20201224.0,N,2급대상,8,1,Y
[개황] 스타빌,스타빌,서울특별시 강남구 개포동 1166-5,서울특별시 강남구 논현로2길 45,공동주택,N,1121.5,0.0,N,N,N,강남소방서,20201228.0,N,2급대상,6,1,Y
[동별] 스타빌,1,서울특별시 강남구 개포동 1166-5,서울특별시 강남구 논현로2길 45,공동주택,N,560.75,0.0,N,N,N,강남소방서,20201218.0,N,2급대상,6,1,Y
[동별] 스타빌,스타빌,서울특별시 강남구 개포동 1166-5,서울특별시 강남구 논현로2길 45,공동주택,N,560.75,0.0,N,N,N,강남소방서,20201218.0,N,2급대상,6,1,Y
[개황] 예지어린이집,예지어린이집,서울특별시 강남구 개포동 1282-2,서울특별시 강남구 언주로7길 23,노유자시설,N,889.19,0.0,Y,N,N,강남소방서,20210208.0,N,2급대상,3,1,Y
[동별] 예지어린이집,1,서울특별시 강남구 개포동 656-4,서울특별시 강남구 개포로 264,노유자시설,N,889.19,0.0,Y,N,N,강남소방서,20210208.0,N,2급대상,3,1,Y
[개황] 리치포레,리치포레,서울특별시 강남구 개포동 1201-7,서울특별시 강남구 개포로22길 49-5,공동주택,N,509.88,0.0,Y,N,N,강남소방서,20210316.0,N,2급대상,6,0,Y
[동별] 리치포레,전장하건물,서울특별시 강남구 개포동 1201-7,서울특별시 강남구 개포로22길 49-5,공동주택,N,509.88,0.0,Y,N,N,강남소방서,20210316.0,N,2급대상,6,0,Y
[개황] 한별2,한별2,서울특별시 강남구 개포동 1237-7,서울특별시 강남구 논현로20길 20,복합건축물,N,753.56,20.0,Y,N,N,강남소방서,20210415.0,N,2급대상,6,0,Y
[동별] 한별2,한형수외2인건물,서울특별시 강남구 개포동 1237-7,서울특별시 강남구 논현로20길 20,복합건축물,N,753.56,20.0,Y,N,N,강남소방서,20210415.0,N,2급대상,6,0,Y
[개황] 씨앤와이빌,씨앤와이빌,서울특별시 강남구 개포동 1240-8,서울특별시 강남구 개포로15길 3-16,공동주택,N,578.31,0.0,Y,N,N,강남소방서,20210707.0,N,2급대상,6,1,Y
[동별] 씨앤와이빌,씨앤와이빌,서울특별시 강남구 개포동 1240-8,서울특별시 강남구 개포로15길 3-16,공동주택,N,578.31,0.0,Y,N,N,강남소방서,20210707.0,N,2급대상,6,1,Y
[개황] 런던빌 개포,런던빌 개포,서울특별시 강남구 개포동 1194-1,서울특별시 강남구 논현로 48,복합건축물,N,1038.75,0.0,Y,N,N,강남소방서,20211123.0,N,2급대상,8,1,Y
[동별] 런던빌 개포,런던빌 개포,서울특별시 강남구 개포동 1194-1,서울특별시 강남구 논현로 48,복합건축물,N,1038.75,0.0,Y,N,N,강남소방서,20211123.0,N,2급대상,8,1,Y
[개황] 개포더샵트리에,개포더샵트리에,서울특별시 강남구 개포동 651-1,서울특별시 강남구 개포로 311,공동주택,Y,44051.55,232.0,Y,Y,Y,강남소방서,20211201.0,N,2급대상,16,3,Y
[동별] 개포더샵트리에,901동,서울특별시 강남구 개포동 651-1,서울특별시 강남구 개포로 311,공동주택,Y,11017.77,84.0,Y,Y,N,강남소방서,20211201.0,N,2급대상,16,0,Y
[동별] 개포더샵트리에,902동,서울특별시 강남구 개포동 651-1,서울특별시 강남구 개포로 311,공동주택,Y,19923.73,148.0,Y,Y,N,강남소방서,20211201.0,N,2급대상,16,0,Y
[동별] 개포더샵트리에,지하주차장,서울특별시 강남구 개포동 651-1,서울특별시 강남구 개포로 311,공동주택,Y,12358.21,,Y,Y,Y,강남소방서,20211201.0,N,2급대상,0,3,Y
[동별] 개포더샵트리에,"부속건축물(경로당,경비실,관리사무소,기계실 등)",서울특별시 강남구 개포동 651-1,서울특별시 강남구 개포로 311,공동주택,Y,751.84,,N,N,N,강남소방서,,N,2급대상,1,2,Y
[개황] 파인힐레지던스 개포,파인힐레지던스 개포,서울특별시 강남구 개포동 1168-2,서울특별시 강남구 논현로4길 16,공동주택,N,560.68,0.0,Y,N,N,강남소방서,20211125.0,N,2급대상,6,0,Y
[동별] 파인힐레지던스 개포,파인힐레지던스 개포,서울특별시 강남구 개포동 1168-2,서울특별시 강남구 논현로4길 16,공동주택,N,560.68,0.0,Y,N,N,강남소방서,20211125.0,N,2급대상,6,0,Y
[개황] 대고샤인빌,대고샤인빌,서울특별시 강남구 개포동 1175-8,서울특별시 강남구 논현로6길 30-5,복합건축물,N,675.55,0.0,N,N,N,강남소방서,20220629.0,N,2급대상,6,0,Y
[동별] 대고샤인빌,대고산업개발건물,서울특별시 강남구 개포동 1175-8,서울특별시 강남구 논현로6길 30-5,복합건축물,N,675.55,0.0,N,N,N,강남소방서,20220629.0,N,2급대상,6,0,Y
[개황] 개포4복합문화센터,개포4복합문화센터,서울특별시 강남구 개포동 1204,서울특별시 강남구 개포로24길 33,업무시설,N,4323.23,0.0,Y,Y,N,강남소방서,20220905.0,N,2급대상,5,3,Y
[동별] 개포4복합문화센터,개포4복합문화센터,서울특별시 강남구 개포동 1204,서울특별시 강남구 개포로24길 33,업무시설,N,4323.23,0.0,Y,Y,N,강남소방서,20220905.0,N,2급대상,5,3,Y
[개황] 개포자이르네,개포자이르네,서울특별시 강남구 개포동 1283,서울특별시 강남구 언주로7길 6,복합건축물,N,11771.78,0.0,Y,Y,N,강남소방서,20221005.0,N,2급대상,10,4,Y
[동별] 개포자이르네,개포자이르네,서울특별시 강남구 개포동 1283,서울특별시 강남구 언주로7길 6,복합건축물,N,11771.78,0.0,Y,Y,N,강남소방서,20221005.0,N,2급대상,10,4,Y
[개황] 성아빌,성아빌,서울특별시 강남구 개포동 1224-2,서울특별시 강남구 논현로14길 10,복합건축물,N,484.63,0.0,Y,N,N,강남소방서,20221026.0,N,2급대상,6,1,
[동별] 성아빌,성아빌,서울특별시 강남구 개포동 1224-2,서울특별시 강남구 논현로14길 10,복합건축물,N,484.63,0.0,Y,N,N,강남소방서,20221026.0,N,2급대상,6,1,
"[개황] 개포초등학교,개포유치원","개포초등학교,개포유치원",서울특별시 강남구 개포동 188,서울특별시 강남구 삼성로4길 30,복합건축물,N,19239.74,0.0,Y,N,N,강남소방서,20230131.0,N,1급대상,5,1,Y
"[동별] 개포초등학교,개포유치원",개포초등학교,서울특별시 강남구 개포동 188,서울특별시 강남구 삼성로 14,교육연구시설,N,15924.48,0.0,Y,N,N,강남소방서,20230131.0,N,1급대상,5,1,Y
"[동별] 개포초등학교,개포유치원",개포유치원,서울특별시 강남구 개포동 188,서울특별시 강남구 삼성로 14,노유자시설,N,3315.26,0.0,Y,N,N,강남소방서,20230131.0,N,1급대상,4,1,Y
[개황] 개포자이프레지던스(4단지 재건축),개포자이프레지던스(4단지 재건축),서울특별시 강남구 개포동 1284,서울특별시 강남구 삼성로 14,공동주택,Y,641457.75,,Y,Y,N,강남소방서,20230220.0,N,1급대상,35,4,Y
[동별] 개포자이프레지던스(4단지 재건축),401동,서울특별시 강남구 개포동 189,서울특별시 강남구 삼성로 14,공동주택,Y,5516.95,,Y,Y,N,강남소방서,20230220.0,N,1급대상,7,3,Y
[동별] 개포자이프레지던스(4단지 재건축),402동,서울특별시 강남구 개포동 189,서울특별시 강남구 삼성로 14,공동주택,Y,7790.88,,Y,Y,N,강남소방서,,N,1급대상,19,3,Y
[동별] 개포자이프레지던스(4단지 재건축),403동,서울특별시 강남구 개포동 189,서울특별시 강남구 삼성로 14,공동주택,Y,4018.99,,Y,Y,N,강남소방서,,N,1급대상,12,3,Y
[동별] 개포자이프레지던스(4단지 재건축),404동,서울특별시 강남구 개포동 189,서울특별시 강남구 삼성로 14,공동주택,Y,8341.55,,Y,Y,N,강남소방서,,N,1급대상,19,3,Y
[동별] 개포자이프레지던스(4단지 재건축),405동,서울특별시 강남구 개포동 189,서울특별시 강남구 삼성로 14,공동주택,Y,4291.94,,Y,Y,N,강남소방서,,N,1급대상,15,3,Y
[동별] 개포자이프레지던스(4단지 재건축),406동,서울특별시 강남구 개포동 189,서울특별시 강남구 삼성로 14,공동주택,Y,12193.17,,Y,Y,N,강남소방서,,N,1급대상,19,3,Y
[동별] 개포자이프레지던스(4단지 재건축),407동,서울특별시 강남구 개포동 189,서울특별시 강남구 삼성로 14,공동주택,Y,6944.47,,Y,Y,N,강남소방서,,N,1급대상,18,3,Y
[동별] 개포자이프레지던스(4단지 재건축),408동,서울특별시 강남구 개포동 189,서울특별시 강남구 삼성로 14,공동주택,Y,13650.99,,Y,Y,N,강남소방서,,N,1급대상,21,3,Y
[동별] 개포자이프레지던스(4단지 재건축),409동,서울특별시 강남구 개포동 189,서울특별시 강남구 삼성로 14,공동주택,Y,13740.06,,Y,Y,N,강남소방서,,N,1급대상,21,3,Y
[동별] 개포자이프레지던스(4단지 재건축),410동,서울특별시 강남구 개포동 189,서울특별시 강남구 삼성로 14,공동주택,Y,13177.06,,Y,Y,N,강남소방서,,N,1급대상,20,3,Y
[동별] 개포자이프레지던스(4단지 재건축),411동,서울특별시 강남구 개포동 189,서울특별시 강남구 삼성로 14,공동주택,Y,12763.69,,Y,Y,N,강남소방서,,N,1급대상,29,3,Y
[동별] 개포자이프레지던스(4단지 재건축),412동,서울특별시 강남구 개포동 189,서울특별시 강남구 삼성로 14,공동주택,Y,5662.33,,Y,Y,N,강남소방서,,N,1급대상,26,3,Y
[동별] 개포자이프레지던스(4단지 재건축),413동,서울특별시 강남구 개포동 189,서울특별시 강남구 삼성로 14,공동주택,Y,8539.48,,Y,Y,N,강남소방서,,N,1급대상,21,3,Y
[동별] 개포자이프레지던스(4단지 재건축),414동,서울특별시 강남구 개포동 189,서울특별시 강남구 삼성로 14,공동주택,Y,9347.65,,Y,Y,N,강남소방서,,N,1급대상,20,3,Y
[동별] 개포자이프레지던스(4단지 재건축),415동,서울특별시 강남구 개포동 189,서울특별시 강남구 삼성로 14,공동주택,Y,3402.57,,Y,Y,N,강남소방서,,N,1급대상,9,3,Y
[동별] 개포자이프레지던스(4단지 재건축),416동,서울특별시 강남구 개포동 189,서울특별시 강남구 삼성로 14,공동주택,Y,3806.17,,Y,Y,N,강남소방서,,N,1급대상,10,3,Y
[동별] 개포자이프레지던스(4단지 재건축),417동,서울특별시 강남구 개포동 189,서울특별시 강남구 삼성로 14,공동주택,Y,15841.99,,Y,Y,N,강남소방서,,N,1급대상,32,3,Y
[동별] 개포자이프레지던스(4단지 재건축),418동,서울특별시 강남구 개포동 189,서울특별시 강남구 삼성로 14,공동주택,Y,13396.28,,Y,Y,N,강남소방서,,N,1급대상,34,3,Y
[동별] 개포자이프레지던스(4단지 재건축),419동,서울특별시 강남구 개포동 189,서울특별시 강남구 삼성로 14,공동주택,Y,14631.7,,Y,Y,N,강남소방서,,N,1급대상,35,3,Y
[동별] 개포자이프레지던스(4단지 재건축),420동,서울특별시 강남구 개포동 189,서울특별시 강남구 삼성로 14,공동주택,Y,14145.92,,Y,Y,N,강남소방서,,N,1급대상,35,3,Y
[동별] 개포자이프레지던스(4단지 재건축),421동,서울특별시 강남구 개포동 189,서울특별시 강남구 삼성로 14,공동주택,Y,12449.09,,Y,Y,N,강남소방서,,N,1급대상,30,3,Y
[동별] 개포자이프레지던스(4단지 재건축),422동,서울특별시 강남구 개포동 189,서울특별시 강남구 삼성로 14,공동주택,Y,11103.08,,Y,Y,N,강남소방서,,N,1급대상,26,3,Y
[동별] 개포자이프레지던스(4단지 재건축),423동,서울특별시 강남구 개포동 189,서울특별시 강남구 삼성로 14,공동주택,Y,5516.01,,Y,Y,N,강남소방서,,N,1급대상,14,3,Y
[동별] 개포자이프레지던스(4단지 재건축),424동,서울특별시 강남구 개포동 189,서울특별시 강남구 삼성로 14,공동주택,Y,13066.64,,Y,Y,N,강남소방서,,N,1급대상,26,3,Y
[동별] 개포자이프레지던스(4단지 재건축),425동,서울특별시 강남구 개포동 189,서울특별시 강남구 삼성로 14,공동주택,Y,10654.66,,Y,Y,N,강남소방서,,N,1급대상,34,3,Y
[동별] 개포자이프레지던스(4단지 재건축),426동,서울특별시 강남구 개포동 189,서울특별시 강남구 삼성로 14,공동주택,Y,14913.21,,Y,Y,N,강남소방서,,N,1급대상,34,3,Y
[동별] 개포자이프레지던스(4단지 재건축),427동,서울특별시 강남구 개포동 189,서울특별시 강남구 삼성로 14,공동주택,Y,13714.83,,Y,Y,N,강남소방서,,N,1급대상,27,3,Y
[동별] 개포자이프레지던스(4단지 재건축),428동,서울특별시 강남구 개포동 189,서울특별시 강남구 삼성로 14,공동주택,Y,9077.56,,Y,Y,N,강남소방서,,N,1급대상,29,3,Y
[동별] 개포자이프레지던스(4단지 재건축),429동,서울특별시 강남구 개포동 189,서울특별시 강남구 삼성로 14,공동주택,Y,13795.04,,Y,Y,N,강남소방서,,N,1급대상,26,3,Y
[동별] 개포자이프레지던스(4단지 재건축),430동,서울특별시 강남구 개포동 189,서울특별시 강남구 삼성로 14,공동주택,Y,11919.74,,Y,Y,N,강남소방서,,N,1급대상,25,3,Y
[동별] 개포자이프레지던스(4단지 재건축),431동,서울특별시 강남구 개포동 189,서울특별시 강남구 삼성로 14,공동주택,Y,12102.73,,N,N,N,강남소방서,,N,1급대상,25,3,Y
[동별] 개포자이프레지던스(4단지 재건축),432동,서울특별시 강남구 개포동 189,서울특별시 강남구 삼성로 14,공동주택,Y,7667.6,,Y,Y,N,강남소방서,,N,1급대상,12,3,Y
[동별] 개포자이프레지던스(4단지 재건축),433동,서울특별시 강남구 개포동 189,서울특별시 강남구 삼성로 14,공동주택,Y,2882.84,,Y,Y,N,강남소방서,,N,1급대상,7,3,Y
[동별] 개포자이프레지던스(4단지 재건축),434동,서울특별시 강남구 개포동 189,서울특별시 강남구 삼성로 14,공동주택,Y,4949.09,,Y,Y,N,강남소방서,,N,1급대상,17,3,Y
[동별] 개포자이프레지던스(4단지 재건축),435동,서울특별시 강남구 개포동 189,서울특별시 강남구 삼성로 14,공동주택,Y,12728.96,,Y,Y,N,강남소방서,,N,1급대상,25,3,Y
[동별] 개포자이프레지던스(4단지 재건축),지하주차장,서울특별시 강남구 개포동 189,서울특별시 강남구 삼성로 14,공동주택,Y,258803.5,,Y,Y,N,강남소방서,,N,1급대상,0,4,Y
[동별] 개포자이프레지던스(4단지 재건축),부대복리시설,서울특별시 강남구 개포동 189,서울특별시 강남구 삼성로 14,공동주택,Y,17258.08,,Y,Y,N,강남소방서,,N,1급대상,35,2,Y
[동별] 개포자이프레지던스(4단지 재건축),근린생활시설,서울특별시 강남구 개포동 189,서울특별시 강남구 삼성로 14,공동주택,Y,17651.25,,Y,Y,N,강남소방서,,N,1급대상,4,3,Y
[개황] 마커스나인,마커스나인,서울특별시 강남구 개포동 167-9,서울특별시 강남구 선릉로 34,근린생활시설,N,3336.86,0.0,Y,N,N,강남소방서,20230227.0,N,2급대상,8,2,Y
[동별] 마커스나인,우광피앤엠,서울특별시 강남구 개포동 167-9,서울특별시 강남구 선릉로 34,근린생활시설,N,3336.86,0.0,Y,N,N,강남소방서,20230227.0,N,2급대상,8,2,Y
[개황] 더라이트빌딩,더라이트빌딩,서울특별시 강남구 개포동 164-1,서울특별시 강남구 선릉로10길 18-4,복합건축물,N,1337.75,,Y,N,N,강남소방서,20230221.0,N,2급대상,6,2,Y
[동별] 더라이트빌딩,유해권 외 1인 건물,서울특별시 강남구 개포동 164-1,서울특별시 강남구 선릉로10길 18-4,복합건축물,N,1337.75,,Y,N,N,강남소방서,20230221.0,N,2급대상,6,2,Y
[개황] 개포리치빌,개포리치빌,서울특별시 강남구 개포동 171-8,서울특별시 강남구 선릉로14길 23,공동주택,Y,646.11,18.0,Y,N,N,강남소방서,20230912.0,N,2급대상,6,0,Y
[동별] 개포리치빌,개포리치빌,서울특별시 강남구 개포동 171-8,서울특별시 강남구 선릉로14길 23,공동주택,Y,646.11,18.0,Y,N,N,강남소방서,20230821.0,N,2급대상,6,0,Y
[개황] 디에이치퍼스티어아이파크(구.개포주공1단지),디에이치퍼스티어아이파크(구.개포주공1단지),서울특별시 강남구 개포동 660-1,서울특별시 강남구 개포로 310,공동주택,Y,1306740.88,0.0,Y,Y,Y,강남소방서,20231129.0,N,1급대상,35,4,Y
[동별] 디에이치퍼스티어아이파크(구.개포주공1단지),101동,서울특별시 강남구 개포동  660-1,서울특별시 강남구 개포로 310,공동주택,Y,19310.29,,Y,Y,N,강남소방서,20231128.0,N,1급대상,35,4,Y
[동별] 디에이치퍼스티어아이파크(구.개포주공1단지),102동,서울특별시 강남구 개포동  660-1,서울특별시 강남구 개포로 310,공동주택,Y,8291.01,,Y,Y,N,강남소방서,20231128.0,N,1급대상,35,4,Y
[동별] 디에이치퍼스티어아이파크(구.개포주공1단지),103동,서울특별시 강남구 개포동  660-1,서울특별시 강남구 개포로 310,공동주택,Y,18094.98,,Y,Y,N,강남소방서,20231128.0,N,1급대상,33,4,Y
[동별] 디에이치퍼스티어아이파크(구.개포주공1단지),104동,서울특별시 강남구 개포동  660-1,서울특별시 강남구 개포로 310,공동주택,Y,18903.18,,Y,Y,N,강남소방서,20231128.0,N,1급대상,32,4,Y
[동별] 디에이치퍼스티어아이파크(구.개포주공1단지),105동,서울특별시 강남구 개포동  660-1,서울특별시 강남구 개포로 310,공동주택,Y,6756.9,,Y,Y,N,강남소방서,20231128.0,N,1급대상,16,2,Y
[동별] 디에이치퍼스티어아이파크(구.개포주공1단지),106동,서울특별시 강남구 개포동  660-1,서울특별시 강남구 개포로 310,공동주택,Y,6756.9,,Y,Y,N,강남소방서,20231128.0,N,1급대상,13,2,Y
[동별] 디에이치퍼스티어아이파크(구.개포주공1단지),107동,서울특별시 강남구 개포동  660-1,서울특별시 강남구 개포로 310,공동주택,Y,4628.23,,Y,Y,N,강남소방서,20231128.0,N,1급대상,15,2,Y
[동별] 디에이치퍼스티어아이파크(구.개포주공1단지),108동,서울특별시 강남구 개포동  660-1,서울특별시 강남구 개포로 310,공동주택,Y,4776.3,,Y,Y,N,강남소방서,20231128.0,N,1급대상,11,2,Y
[동별] 디에이치퍼스티어아이파크(구.개포주공1단지),109동,서울특별시 강남구 개포동  660-1,서울특별시 강남구 개포로 310,공동주택,Y,6057.64,,Y,Y,N,강남소방서,20231128.0,N,1급대상,19,2,Y
[동별] 디에이치퍼스티어아이파크(구.개포주공1단지),110동,서울특별시 강남구 개포동  660-1,서울특별시 강남구 개포로 310,공동주택,Y,9067.26,,Y,Y,N,강남소방서,20231128.0,N,1급대상,19,2,Y
[동별] 디에이치퍼스티어아이파크(구.개포주공1단지),111동,서울특별시 강남구 개포동  660-1,서울특별시 강남구 개포로 310,공동주택,Y,9102.47,,Y,Y,N,강남소방서,20231128.0,N,1급대상,21,2,Y
[동별] 디에이치퍼스티어아이파크(구.개포주공1단지),112동,서울특별시 강남구 개포동  660-1,서울특별시 강남구 개포로 310,공동주택,Y,13976.99,,Y,Y,N,강남소방서,20231128.0,N,1급대상,21,2,Y
[동별] 디에이치퍼스티어아이파크(구.개포주공1단지),113동,서울특별시 강남구 개포동  660-1,서울특별시 강남구 개포로 310,공동주택,Y,9293.58,,Y,Y,N,강남소방서,,N,1급대상,21,2,Y
[동별] 디에이치퍼스티어아이파크(구.개포주공1단지),114동,서울특별시 강남구 개포동  660-1,서울특별시 강남구 개포로 310,공동주택,Y,5676.24,,Y,Y,N,강남소방서,20231128.0,N,1급대상,11,2,Y
[동별] 디에이치퍼스티어아이파크(구.개포주공1단지),115동,서울특별시 강남구 개포동  660-1,서울특별시 강남구 개포로 310,공동주택,Y,10541.24,,Y,Y,N,강남소방서,20231128.0,N,1급대상,24,2,Y
[동별] 디에이치퍼스티어아이파크(구.개포주공1단지),116동, ,  ,공동주택,Y,10635.55,,Y,Y,N,강남소방서,20231128.0,N,1급대상,24,2,Y
[동별] 디에이치퍼스티어아이파크(구.개포주공1단지),117동,서울특별시 강남구 개포동  660-1,서울특별시 강남구 개포로 310,공동주택,Y,15849.01,,Y,Y,N,강남소방서,20231128.0,N,1급대상,29,2,Y
[동별] 디에이치퍼스티어아이파크(구.개포주공1단지),118동,서울특별시 강남구 개포동  660-1,서울특별시 강남구 개포로 310,공동주택,Y,14095.92,,Y,Y,N,강남소방서,20231128.0,N,1급대상,26,2,Y
[동별] 디에이치퍼스티어아이파크(구.개포주공1단지),119동,서울특별시 강남구 개포동  660-1,서울특별시 강남구 개포로 310,공동주택,Y,12625.8,,Y,Y,N,강남소방서,20231128.0,N,1급대상,23,2,Y
[동별] 디에이치퍼스티어아이파크(구.개포주공1단지),120동,서울특별시 강남구 개포동  660-1,서울특별시 강남구 개포로 310,공동주택,Y,14338.17,,Y,Y,N,강남소방서,20231128.0,N,1급대상,26,4,Y
[동별] 디에이치퍼스티어아이파크(구.개포주공1단지),121동,서울특별시 강남구 개포동  660-1,서울특별시 강남구 개포로 310,공동주택,Y,17198.64,,Y,Y,N,강남소방서,20231128.0,N,1급대상,31,4,Y
[동별] 디에이치퍼스티어아이파크(구.개포주공1단지),122동,서울특별시 강남구 개포동  660-1,서울특별시 강남구 개포로 310,공동주택,Y,13800.31,,Y,Y,N,강남소방서,20231128.0,N,1급대상,25,4,Y
[동별] 디에이치퍼스티어아이파크(구.개포주공1단지),123동,서울특별시 강남구 개포동  660-1,서울특별시 강남구 개포로 310,공동주택,Y,3939.2,,Y,Y,N,강남소방서,20231128.0,N,1급대상,18,4,Y
[동별] 디에이치퍼스티어아이파크(구.개포주공1단지),124동,서울특별시 강남구 개포동  660-1,서울특별시 강남구 개포로 310,공동주택,Y,13274.68,,Y,Y,N,강남소방서,20231128.0,N,1급대상,24,4,Y
[동별] 디에이치퍼스티어아이파크(구.개포주공1단지),125동,서울특별시 강남구 개포동  660-1,서울특별시 강남구 개포로 310,공동주택,Y,11855.37,,Y,Y,N,강남소방서,20231128.0,N,1급대상,18,4,Y
[동별] 디에이치퍼스티어아이파크(구.개포주공1단지),126동,서울특별시 강남구 개포동  660-1,서울특별시 강남구 개포로 310,공동주택,Y,14378.71,,Y,Y,N,강남소방서,20231128.0,N,1급대상,26,4,Y
[동별] 디에이치퍼스티어아이파크(구.개포주공1단지),127동,서울특별시 강남구 개포동  660-1,서울특별시 강남구 개포로 310,공동주택,Y,16026.98,,Y,Y,N,강남소방서,20231128.0,N,1급대상,29,4,Y
[동별] 디에이치퍼스티어아이파크(구.개포주공1단지),128동,서울특별시 강남구 개포동  660-1,서울특별시 강남구 개포로 310,공동주택,Y,8578.91,,Y,Y,N,강남소방서,20231128.0,N,1급대상,19,4,Y
[동별] 디에이치퍼스티어아이파크(구.개포주공1단지),129동,서울특별시 강남구 개포동  660-1,서울특별시 강남구 개포로 310,공동주택,Y,6130.77,,Y,Y,N,강남소방서,20231128.0,N,1급대상,14,4,Y
[동별] 디에이치퍼스티어아이파크(구.개포주공1단지),130동,서울특별시 강남구 개포동  660-1,서울특별시 강남구 개포로 310,공동주택,Y,5936.17,,Y,Y,N,강남소방서,20231128.0,N,1급대상,16,4,Y
[동별] 디에이치퍼스티어아이파크(구.개포주공1단지),131동,서울특별시 강남구 개포동  660-1,서울특별시 강남구 개포로 310,공동주택,Y,4565.83,,Y,Y,N,강남소방서,20231128.0,N,1급대상,14,4,Y
[동별] 디에이치퍼스티어아이파크(구.개포주공1단지),132동,서울특별시 강남구 개포동  660-1,서울특별시 강남구 개포로 310,공동주택,Y,16036.14,,Y,Y,N,강남소방서,20231128.0,N,1급대상,29,4,Y
[동별] 디에이치퍼스티어아이파크(구.개포주공1단지),133동,서울특별시 강남구 개포동  660-1,서울특별시 강남구 개포로 310,공동주택,Y,6201.44,,Y,Y,N,강남소방서,20231128.0,N,1급대상,17,4,Y
[동별] 디에이치퍼스티어아이파크(구.개포주공1단지),134동,서울특별시 강남구 개포동  660-1,서울특별시 강남구 개포로 310,공동주택,Y,6594.42,,Y,Y,N,강남소방서,20231128.0,N,1급대상,12,4,Y
[동별] 디에이치퍼스티어아이파크(구.개포주공1단지),135동,서울특별시 강남구 개포동  660-1,서울특별시 강남구 개포로 310,공동주택,Y,2602.73,,Y,Y,N,강남소방서,20231128.0,N,1급대상,7,4,Y
[동별] 디에이치퍼스티어아이파크(구.개포주공1단지),136동,서울특별시 강남구 개포동  660-1,서울특별시 강남구 개포로 310,공동주택,Y,3373.47,,Y,Y,N,강남소방서,20231128.0,N,1급대상,7,4,Y
[동별] 디에이치퍼스티어아이파크(구.개포주공1단지),101~137동 지하주차장,서울특별시 강남구 개포동  660-1,서울특별시 강남구 개포로 310,공동주택,N,254485.57,0.0,Y,Y,N,강남소방서,20231128.0,N,1급대상,0,4,Y
[동별] 디에이치퍼스티어아이파크(구.개포주공1단지),1획지 근린생활시설,서울특별시 강남구 개포동  660-1,서울특별시 강남구 개포로 310,근린생활시설,N,9406.42,0.0,Y,N,N,강남소방서,20231128.0,N,1급대상,3,1,Y
[동별] 디에이치퍼스티어아이파크(구.개포주공1단지),1획지 부대시설,서울특별시 강남구 개포동  660-1,서울특별시 강남구 개포로 310,공동주택,N,19200.02,0.0,Y,Y,Y,강남소방서,20231128.0,N,1급대상,25,4,Y
[동별] 디에이치퍼스티어아이파크(구.개포주공1단지),138동,서울특별시 강남구 개포동  660-1,서울특별시 강남구 개포로 310,공동주택,Y,15222.73,,Y,Y,N,강남소방서,20231128.0,N,1급대상,28,4,Y
[동별] 디에이치퍼스티어아이파크(구.개포주공1단지),139동,서울특별시 강남구 개포동  660-1,서울특별시 강남구 개포로 310,공동주택,Y,3241.08,,Y,Y,N,강남소방서,,N,1급대상,7,4,Y
[동별] 디에이치퍼스티어아이파크(구.개포주공1단지),140동,서울특별시 강남구 개포동  660-1,서울특별시 강남구 개포로 310,공동주택,Y,6503.88,,Y,Y,N,강남소방서,20231128.0,N,1급대상,18,4,Y
[동별] 디에이치퍼스티어아이파크(구.개포주공1단지),141동,서울특별시 강남구 개포동  660-1,서울특별시 강남구 개포로 310,공동주택,Y,9152.24,,Y,Y,N,강남소방서,20231128.0,N,1급대상,19,4,Y
[동별] 디에이치퍼스티어아이파크(구.개포주공1단지),142동,서울특별시 강남구 개포동  660-1,서울특별시 강남구 개포로 310,공동주택,Y,6138.03,,Y,Y,N,강남소방서,20231128.0,N,1급대상,17,4,Y
[동별] 디에이치퍼스티어아이파크(구.개포주공1단지),143동,서울특별시 강남구 개포동  660-1,서울특별시 강남구 개포로 310,공동주택,Y,5387.71,,Y,Y,N,강남소방서,20231128.0,N,1급대상,11,4,Y
[동별] 디에이치퍼스티어아이파크(구.개포주공1단지),144동,서울특별시 강남구 개포동  660-1,서울특별시 강남구 개포로 310,공동주택,Y,4821.52,,Y,Y,N,강남소방서,20231128.0,N,1급대상,11,4,Y
[동별] 디에이치퍼스티어아이파크(구.개포주공1단지),145동,서울특별시 강남구 개포동  660-1,서울특별시 강남구 개포로 310,공동주택,Y,11078.64,,Y,Y,N,강남소방서,20231128.0,N,1급대상,20,4,Y
[동별] 디에이치퍼스티어아이파크(구.개포주공1단지),146동,서울특별시 강남구 개포동  660-1,서울특별시 강남구 개포로 310,공동주택,Y,7326.13,,Y,Y,N,강남소방서,20231128.0,N,1급대상,26,4,Y
[동별] 디에이치퍼스티어아이파크(구.개포주공1단지),147동,서울특별시 강남구 개포동  660-1,서울특별시 강남구 개포로 310,공동주택,Y,14459.06,,Y,Y,N,강남소방서,20231128.0,N,1급대상,26,4,Y
[동별] 디에이치퍼스티어아이파크(구.개포주공1단지),148동,서울특별시 강남구 개포동  660-1,서울특별시 강남구 개포로 310,공동주택,Y,13002.04,,Y,Y,N,강남소방서,20231128.0,N,1급대상,24,4,Y
[동별] 디에이치퍼스티어아이파크(구.개포주공1단지),149동,서울특별시 강남구 개포동  660-1,서울특별시 강남구 개포로 310,공동주택,Y,6486.17,,Y,Y,N,강남소방서,20231128.0,N,1급대상,16,4,Y
[동별] 디에이치퍼스티어아이파크(구.개포주공1단지),150동,서울특별시 강남구 개포동  660-1,서울특별시 강남구 개포로 310,공동주택,Y,13363.54,,Y,Y,N,강남소방서,20231128.0,N,1급대상,26,4,Y
[동별] 디에이치퍼스티어아이파크(구.개포주공1단지),151동,서울특별시 강남구 개포동  660-1,서울특별시 강남구 개포로 310,공동주택,Y,14389.29,,Y,Y,N,강남소방서,20231128.0,N,1급대상,28,4,Y
[동별] 디에이치퍼스티어아이파크(구.개포주공1단지),152동,서울특별시 강남구 개포동  660-1,서울특별시 강남구 개포로 310,공동주택,Y,9357.51,,Y,Y,N,강남소방서,20231128.0,N,1급대상,21,4,Y
[동별] 디에이치퍼스티어아이파크(구.개포주공1단지),153동,서울특별시 강남구 개포동  660-1,서울특별시 강남구 개포로 310,공동주택,Y,16036.14,,Y,Y,N,강남소방서,20231128.0,N,1급대상,29,4,Y
[동별] 디에이치퍼스티어아이파크(구.개포주공1단지),154동,서울특별시 강남구 개포동  660-1,서울특별시 강남구 개포로 310,공동주택,Y,16702.5,,Y,Y,N,강남소방서,20231128.0,N,1급대상,29,4,Y
[동별] 디에이치퍼스티어아이파크(구.개포주공1단지),155동,서울특별시 강남구 개포동  660-1,서울특별시 강남구 개포로 310,공동주택,Y,16869.04,,Y,Y,N,강남소방서,20231128.0,N,1급대상,29,4,Y
[동별] 디에이치퍼스티어아이파크(구.개포주공1단지),156동,서울특별시 강남구 개포동  660-1,서울특별시 강남구 개포로 310,공동주택,Y,6144.77,,Y,Y,N,강남소방서,20231128.0,N,1급대상,14,4,Y
[동별] 디에이치퍼스티어아이파크(구.개포주공1단지),157동,서울특별시 강남구 개포동  660-1,서울특별시 강남구 개포로 310,공동주택,Y,14930.72,,Y,Y,N,강남소방서,20231128.0,N,1급대상,27,4,Y
[동별] 디에이치퍼스티어아이파크(구.개포주공1단지),158동,서울특별시 강남구 개포동  660-1,서울특별시 강남구 개포로 310,공동주택,Y,13075.83,,Y,Y,N,강남소방서,20231128.0,N,1급대상,29,4,Y
[동별] 디에이치퍼스티어아이파크(구.개포주공1단지),159동,서울특별시 강남구 개포동  660-1,서울특별시 강남구 개포로 310,공동주택,Y,17431.63,,Y,Y,N,강남소방서,20231128.0,N,1급대상,26,4,Y
[동별] 디에이치퍼스티어아이파크(구.개포주공1단지),160동,서울특별시 강남구 개포동  660-1,서울특별시 강남구 개포로 310,공동주택,Y,10400.94,,Y,Y,N,강남소방서,20231128.0,N,1급대상,19,4,Y
[동별] 디에이치퍼스티어아이파크(구.개포주공1단지),161동,서울특별시 강남구 개포동  660-1,서울특별시 강남구 개포로 310,공동주택,Y,5240.81,,Y,Y,N,강남소방서,20231128.0,N,1급대상,12,4,Y
[동별] 디에이치퍼스티어아이파크(구.개포주공1단지),162동,서울특별시 강남구 개포동  660-1,서울특별시 강남구 개포로 310,공동주택,Y,9471.2,,Y,Y,N,강남소방서,20231128.0,N,1급대상,30,4,Y
[동별] 디에이치퍼스티어아이파크(구.개포주공1단지),163동,서울특별시 강남구 개포동  660-1,서울특별시 강남구 개포로 310,공동주택,Y,14294.63,,Y,Y,N,강남소방서,20231128.0,N,1급대상,30,4,Y
[동별] 디에이치퍼스티어아이파크(구.개포주공1단지),164동,서울특별시 강남구 개포동  660-1,서울특별시 강남구 개포로 310,공동주택,Y,6132.13,,Y,Y,N,강남소방서,20231128.0,N,1급대상,14,4,Y
[동별] 디에이치퍼스티어아이파크(구.개포주공1단지),165동,서울특별시 강남구 개포동  660-1,서울특별시 강남구 개포로 310,공동주택,Y,9660.8,,Y,Y,N,강남소방서,20231128.0,N,1급대상,31,4,Y
[동별] 디에이치퍼스티어아이파크(구.개포주공1단지),166동,서울특별시 강남구 개포동  660-1,서울특별시 강남구 개포로 310,공동주택,Y,14583.97,,Y,Y,N,강남소방서,20231128.0,N,1급대상,31,4,Y
[동별] 디에이치퍼스티어아이파크(구.개포주공1단지),167동,서울특별시 강남구 개포동  660-1,서울특별시 강남구 개포로 310,공동주택,Y,7816.81,,Y,Y,N,강남소방서,20231128.0,N,1급대상,16,4,Y
[동별] 디에이치퍼스티어아이파크(구.개포주공1단지),168동,서울특별시 강남구 개포동  660-1,서울특별시 강남구 개포로 310,공동주택,Y,2550.25,,Y,Y,N,강남소방서,20231128.0,N,1급대상,7,4,Y
[동별] 디에이치퍼스티어아이파크(구.개포주공1단지),169동,서울특별시 강남구 개포동  660-1,서울특별시 강남구 개포로 310,공동주택,Y,8580.55,,Y,Y,N,강남소방서,20231128.0,N,1급대상,18,4,Y
[동별] 디에이치퍼스티어아이파크(구.개포주공1단지),170동,서울특별시 강남구 개포동  660-1,서울특별시 강남구 개포로 310,공동주택,Y,3153.14,,Y,Y,N,강남소방서,20231128.0,N,1급대상,7,4,Y
[동별] 디에이치퍼스티어아이파크(구.개포주공1단지),171동,서울특별시 강남구 개포동  660-1,서울특별시 강남구 개포로 310,공동주택,Y,3241.08,,Y,Y,N,강남소방서,20231128.0,N,1급대상,7,4,Y
[동별] 디에이치퍼스티어아이파크(구.개포주공1단지),172동,서울특별시 강남구 개포동  660-1,서울특별시 강남구 개포로 310,공동주택,Y,2160.72,,Y,Y,N,강남소방서,20231128.0,N,1급대상,7,4,Y
[동별] 디에이치퍼스티어아이파크(구.개포주공1단지),173동,서울특별시 강남구 개포동  660-1,서울특별시 강남구 개포로 310,공동주택,Y,19557.36,,Y,Y,N,강남소방서,20231128.0,N,1급대상,35,4,Y
[동별] 디에이치퍼스티어아이파크(구.개포주공1단지),174동,서울특별시 강남구 개포동  660-1,서울특별시 강남구 개포로 310,공동주택,Y,8395.54,,Y,Y,N,강남소방서,20231128.0,N,1급대상,35,4,Y
[동별] 디에이치퍼스티어아이파크(구.개포주공1단지),2획지 부대시설,서울특별시 강남구 개포동  660-1,서울특별시 강남구 개포로 310,공동주택,N,20609.58,0.0,Y,N,N,강남소방서,20231128.0,N,1급대상,26,4,Y
[동별] 디에이치퍼스티어아이파크(구.개포주공1단지),2획지 지하주차장,서울특별시 강남구 개포동  660-1,서울특별시 강남구 개포로 310,공동주택,N,251602.46,0.0,Y,N,N,강남소방서,20231128.0,N,1급대상,0,4,Y
[동별] 디에이치퍼스티어아이파크(구.개포주공1단지),2획지 근린생활시설,서울특별시 강남구 개포동  660-1,서울특별시 강남구 개포로 310,근린생활시설,N,2272.75,0.0,Y,N,N,강남소방서,20231128.0,N,1급대상,0,3,Y
[동별] 디에이치퍼스티어아이파크(구.개포주공1단지),137동,서울특별시 강남구 개포동  660-1,서울특별시 강남구 개포로 310,공동주택,Y,13532.52,,Y,Y,N,강남소방서,20231128.0,N,1급대상,25,4,Y
[개황] 대치푸르지오발라드,대치푸르지오발라드,서울특별시 강남구 개포동 176-2,서울특별시 강남구 개포로 407,공동주택,Y,10028.25,78.0,Y,Y,N,강남소방서,20240130.0,N,2급대상,12,2,Y
[동별] 대치푸르지오발라드,개포동 도시형생활주택,서울특별시 강남구 개포동  176-2,서울특별시 강남구 개포로 407,공동주택,Y,10028.25,78.0,Y,Y,N,강남소방서,,N,2급대상,12,2,Y
[개황] 개포 더 힐(능인불교선양원 건물),개포 더 힐(능인불교선양원 건물),서울특별시 강남구 개포동 1168-3,서울특별시 강남구 논현로4길 18,공동주택,N,561.69,0.0,Y,N,N,강남소방서,,N,2급대상,6,0,Y
[동별] 개포 더 힐(능인불교선양원 건물),개포 더 힐(재단법인 능인불교선양원 건물),서울특별시 강남구 개포동  1168-3,서울특별시 강남구 논현로4길 18,공동주택,N,561.69,0.0,Y,N,N,강남소방서,,N,2급대상,6,0,Y
[개황] 개원초등학교,개원초등학교,서울특별시 강남구 개포동 660-10,서울특별시 강남구 선릉로 29,교육연구시설,N,13636.76,0.0,Y,N,N,강남소방서,,N,2급대상,6,1,Y
[동별] 개원초등학교,개원초등학교,서울특별시 강남구 개포동  660-10,서울특별시 강남구 선릉로 29,교육연구시설,N,13636.76,0.0,Y,N,N,강남소방서,,N,2급대상,6,1,Y
[개황] 개포동158-11근생건물,개포동158-11근생건물,서울특별시 강남구 개포동 158-11,서울특별시 강남구 선릉로4길 5,근린생활시설,N,1486.97,0.0,Y,N,N,강남소방서,20240730.0,N,2급대상,8,2,Y
[동별] 개포동158-11근생건물,개포동158-11근생건물,서울특별시 강남구 개포동  158-11,서울특별시 강남구 선릉로4길 5,근린생활시설,N,1486.97,0.0,Y,N,N,강남소방서,20240730.0,N,2급대상,8,2,Y
[개황] (3획지 상가동)개포1단지아파트 주택재건축정비사업,(3획지 상가동)개포1단지아파트 주택재건축정비사업,서울특별시 강남구 개포동 660-1,서울특별시 강남구 선릉로 27,근린생활시설,N,19952.86,0.0,Y,Y,Y,강남소방서,,N,1급대상,5,3,Y
[동별] (3획지 상가동)개포1단지아파트 주택재건축정비사업,개포1단지 재건축 3획지 상가동, ,  ,근린생활시설,N,19952.86,0.0,Y,Y,Y,강남소방서,,N,1급대상,5,3,Y
[개황] 개현초등학교(구.개원2초등학교),개현초등학교(구.개원2초등학교),서울특별시 강남구 개포동 660-37,서울특별시 강남구 선릉로 15,복합건축물,N,16607.58,0.0,Y,N,N,강남소방서,,N,1급대상,6,1,Y
[동별] 개현초등학교(구.개원2초등학교),개현초등학교,서울특별시 강남구 개포동  660-37,서울특별시 강남구 선릉로 15,복합건축물,N,16607.58,0.0,Y,N,N,강남소방서,,N,1급대상,6,1,Y
[개황] 행정복지센터(개포주공1단지 공공청사),행정복지센터(개포주공1단지 공공청사),서울특별시 강남구 개포동  660-1,서울특별시 강남구 선릉로 35,업무시설,N,4208.97,0.0,Y,N,N,강남소방서,,N,2급대상,5,1,Y
[동별] 행정복지센터(개포주공1단지 공공청사),행정복지센터,서울특별시 강남구 개포동  660-1,서울특별시 강남구 선릉로 ,업무시설,N,4208.97,0.0,Y,N,N,강남소방서,,N,2급대상,5,1,Y
[개황] 개포동 660-1 공공청사,개포동 660-1 공공청사,서울특별시 강남구 개포동 660-1,서울특별시 강남구 선릉로 35,업무시설,N,4834.24,0.0,N,N,N,강남소방서,,N,2급대상,5,1,Y
[동별] 개포동 660-1 공공청사,지구대(1동),서울특별시 강남구 개포동  660-1,서울특별시 강남구 선릉로 35,업무시설,N,625.27,0.0,N,N,N,강남소방서,,N,2급대상,3,0,Y
[동별] 개포동 660-1 공공청사,주민센터(2동), ,  ,업무시설,N,4208.97,0.0,N,N,N,강남소방서,,N,2급대상,5,1,Y
